Id,Label,Interval
가슴(N),가슴,"<[1985,1991];[1993,1993];[1995,1995];[1997,1997];[1999,2000];[2002,2015];[2019,2019];>"
그리(P),그리,"<[1985,1985];[1987,1987];[1989,1990];[1993,1993];[2016,2016];>"
남(P),남,"<[1985,1989];[1992,1992];[1994,1999];[2002,2007];[2011,2013];[2016,2016];[2018,2018];[2020,2020];>"
뜨겁(P),뜨겁,"<[1985,1985];[1987,1987];[2003,2004];[2008,2009];[2011,2012];>"
작(P),작,"<[1985,1985];[1987,1988];[1992,1992];[1998,1998];[2000,2000];[2003,2003];[2007,2008];[2011,2011];[2017,2017];>"
저리(P),저리,"<[1985,1985];>"
하(P),하,"<[1985,2020];>"
흔들리(P),흔들리,"<[1985,1985];[2001,2001];[2015,2015];>"
건강(N),건강,"<[1985,1985];>"
좋(P),좋,"<[1985,1985];[1987,1988];[1990,1991];[1995,1995];[1997,2020];>"
겨울비(N),겨울비,"<[1985,1985];>"
내려오(P),내려오,"<[1985,1985];[2016,2016];>"
적시(P),적시,"<[1985,1985];[2010,2010];[2013,2013];>"
곁(N),곁,"<[1985,1987];[1989,1989];[1991,2010];[2012,2017];[2019,2020];>"
가(P),가,"<[1985,2020];>"
떠나가(P),떠나가,"<[1985,1987];[1990,1990];[1995,1995];[1997,1997];[2000,2000];[2002,2003];[2007,2010];[2012,2012];>"
있(P),있,"<[1985,2020];>"
고독(N),고독,"<[1985,1985];[1995,1995];>"
밀(P),밀,"<[1985,1985];[1990,1990];>"
곳(N),곳,"<[1985,1994];[1996,2009];[2011,2020];>"
멀(P),멀,"<[1985,1985];[1987,1987];[1990,1990];[1994,1996];[1998,2002];[2007,2007];[2010,2011];[2020,2020];>"
구름(N),구름,"<[1985,1985];[1989,1989];[2002,2003];>"
되(P),되,"<[1985,1988];[1990,2020];>"
그날(N),그날,"<[1985,1985];[1987,1987];[1990,1991];[2003,2003];>"
없(P),없,"<[1985,2020];>"
오(P),오,"<[1985,1989];[1991,1992];[1994,2001];[2003,2020];>"
길(N),길,"<[1985,1987];[1989,1999];[2001,2003];[2005,2008];[2010,2010];[2012,2014];[2016,2020];>"
떠나(P),떠나,"<[1985,1998];[2000,2008];[2010,2015];>"
험하(P),험하,"<[1985,1985];[1997,1997];>"
꽃잎(N),꽃잎,"<[1985,1985];[2016,2016];>"
피어나(P),피어나,"<[1985,1985];>"
남(N),남,"<[1985,1986];[1995,1995];[1999,1999];[2005,2005];[2010,2012];[2016,2017];[2019,2019];>"
내일(N),내일,"<[1985,1985];[1987,1989];[1992,1992];[2006,2006];[2008,2008];[2011,2011];[2015,2015];[2018,2018];>"
네(N),네,"<[1985,1987];[1990,1990];[1995,1995];[2007,2009];[2020,2020];>"
주(P),주,"<[1985,1986];[1988,1990];[1993,1993];[1995,1995];[1997,2000];[2002,2008];[2010,2010];[2013,2020];>"
눈(N),눈,"<[1985,2020];>"
감(P),감,"<[1985,1989];[1991,1992];[1995,1995];[1997,2020];>"
맺히(P),맺히,"<[1985,1985];[1987,1987];[1989,1989];>"
눈물(N),눈물,"<[1985,2017];[2019,2020];>"
젖(P),젖,"<[1985,1985];[1987,1987];[1992,1992];[1999,1999];[2009,2009];[2011,2011];[2018,2018];>"
흘리(P),흘리,"<[1985,2007];[2009,2010];[2015,2015];[2019,2020];>"
님(N),님,"<[1985,1985];[1987,1987];[1994,1994];[2003,2003];[2019,2019];>"
살펴주(P),살펴주,"<[1985,1985];>"
소(P),소,"<[1985,1985];>"
잊(P),잊,"<[1985,1994];[1996,2007];[2009,2010];[2012,2013];[2019,2019];>"
리네(N),리네,"<[1985,1985];[1995,1995];>"
마음(N),마음,"<[1985,2009];[2011,2013];[2015,2020];>"
걷(P),걷,"<[1985,1986];[1989,1990];[1993,1993];[2001,2001];[2003,2003];[2005,2008];[2012,2014];[2016,2016];>"
보(P),보,"<[1985,1988];[1990,1991];[1993,2020];>"
아프(P),아프,"<[1985,1985];[1987,1990];[1996,1998];[2000,2019];>"
약하(P),약하,"<[1985,1985];[2003,2003];[2005,2005];[2007,2007];>"
마차(N),마차,"<[1985,1985];>"
타(P),타,"<[1985,1987];[1990,1990];[2006,2006];[2008,2008];[2015,2015];[2018,2018];>"
말(N),말,"<[1985,2020];>"
찾(P),찾,"<[1985,1985];[1987,1987];[1989,1989];[1991,1993];[1995,1995];[1997,2000];[2003,2008];[2011,2012];[2015,2015];[2017,2017];[2019,2019];>"
머리(N),머리,"<[1985,1985];[2002,2002];[2012,2013];[2015,2015];[2019,2019];>"
모습(N),모습,"<[1985,1985];[1987,2002];[2006,2006];[2008,2008];[2010,2010];[2012,2012];[2014,2014];>"
쳐다보(P),쳐다보,"<[1985,1985];>"
바람(N),바람,"<[1985,1992];[2000,2000];[2006,2006];[2008,2008];[2011,2015];[2017,2018];>"
불어오(P),불어오,"<[1985,1985];>"
스치(P),스치,"<[1985,1985];[1990,1990];[1997,1997];[2012,2013];>"
울리(P),울리,"<[1985,1985];[1988,1988];[2012,2012];>"
바보(N),바보,"<[1985,1985];[1991,1991];[1996,1996];[1999,1999];[2001,2013];[2015,2016];[2018,2020];>"
같(P),같,"<[1985,1985];[1988,1989];[1994,1997];[1999,2020];>"
발길(N),발길,"<[1985,1985];[1989,1989];[1991,1991];>"
부딪히(P),부딪히,"<[1985,1985];[1989,1989];[1996,1996];>"
밤(N),밤,"<[1985,1993];[1998,1998];[2000,2008];[2010,2020];>"
어둡(P),어둡,"<[1985,1985];[1990,1991];[1999,1999];[2005,2005];>"
외롭(P),외롭,"<[1985,1989];[1992,1992];[2003,2003];[2010,2010];>"
피(P),피,"<[1985,1988];[2005,2005];[2008,2008];[2011,2013];[2016,2016];[2018,2019];>"
밤비(N),밤비,"<[1985,1985];>"
내리(P),내리,"<[1985,1986];[1988,1994];[1996,1998];[2001,2001];[2003,2003];[2005,2009];[2011,2011];[2014,2017];>"
방황(N),방황,"<[1985,1985];>"
이렇(P),이렇,"<[1985,1985];[1987,1987];[1991,1993];[1995,1997];[2000,2000];[2002,2002];[2005,2006];[2008,2013];[2015,2017];[2019,2019];>"
버선(N),버선,"<[1985,1985];>"
벗(P),벗,"<[1985,1985];>"
별(N),별,"<[1985,1985];[1988,1988];[1990,1990];[1993,1993];[2001,2003];[2005,2006];[2008,2008];[2012,2012];[2016,2020];>"
반짝이(P),반짝이,"<[1985,1985];[1993,1993];>"
비(N),비,"<[1985,1995];[1997,1998];[2001,2001];[2003,2003];[2006,2006];[2008,2012];[2014,2014];[2016,2018];>"
사람(N),사람,"<[1985,1987];[1989,2020];>"
많(P),많,"<[1985,1985];[1987,1987];[1989,1990];[1992,1992];[1994,2007];[2011,2011];[2014,2019];>"
모르(P),모르,"<[1985,1987];[1989,1989];[1991,1992];[1994,1995];[1997,1997];[1999,2019];>"
살(P),살,"<[1985,1985];[1989,1989];[1992,1993];[1995,1997];[1999,2000];[2002,2008];[2011,2016];[2019,2020];>"
사랑(N),사랑,"<[1985,2020];>"
그립(P),그립,"<[1985,1988];[1991,1992];[1994,1994];[2004,2005];[2015,2015];[2017,2018];>"
느끼(P),느끼,"<[1985,1986];[1991,1996];[1998,2000];[2002,2003];[2010,2010];[2013,2015];>"
떨(P),떨,"<[1985,1985];[2015,2015];>"
빠지(P),빠지,"<[1985,1985];[1996,1998];[2001,2005];[2007,2008];[2012,2012];[2014,2014];[2016,2016];>"
알(P),알,"<[1985,1986];[1988,2007];[2009,2020];>"
어렵(P),어렵,"<[1985,1985];>"
자(P),자,"<[1985,1985];[1995,1995];[2010,2010];[2017,2018];>"
산(N),산,"<[1985,1986];[1997,1997];>"
상처(N),상처,"<[1985,1985];[1989,1989];[1994,1994];[1999,1999];[2001,2003];[2006,2006];[2009,2010];[2012,2012];[2014,2015];[2017,2017];>"
세상(N),세상,"<[1985,1986];[1988,1990];[1993,2003];[2005,2012];[2014,2014];[2016,2016];[2018,2018];>"
세월(N),세월,"<[1985,1991];[1993,1993];[1997,1997];[2004,2004];>"
지나(P),지나,"<[1985,1985];[1987,1991];[1993,1998];[2000,2002];[2005,2005];[2007,2010];[2012,2012];[2014,2018];[2020,2020];>"
손(N),손,"<[1985,1988];[1990,1992];[1994,1995];[1997,2010];[2012,2020];>"
솔밭길(N),솔밭길,"<[1985,1985];>"
걸(P),걸,"<[1985,1985];[1994,1994];[2008,2009];[2012,2012];[2015,2016];>"
슬픔(N),슬픔,"<[1985,1985];[1987,1990];[1992,1992];[1994,1994];[1998,1998];[2003,2003];[2006,2006];[2009,2009];[2012,2012];>"
신(N),신,"<[1985,1985];[1996,1996];[2002,2002];[2004,2004];[2006,2006];[2008,2009];>"
영동교(N),영동교,"<[1985,1985];>"
오(N),오,"<[1985,1986];[1989,1989];[1992,1992];[2000,2000];[2003,2003];[2009,2011];[2014,2015];[2017,2017];>"
외로움(N),외로움,"<[1985,1986];[1989,1989];[1997,1999];>"
욕심(N),욕심,"<[1985,1985];[2014,2014];>"
용기(N),용기,"<[1985,1985];[1990,1990];[2002,2002];[2004,2004];[2008,2008];[2012,2012];>"
우(N),우,"<[1985,1985];[2003,2003];[2011,2011];[2013,2013];[2019,2020];>"
운명(N),운명,"<[1985,1985];[1995,1996];[2000,2000];[2004,2005];[2017,2017];>"
강(P),강,"<[1985,1985];>"
유혹(N),유혹,"<[1985,1985];[1992,1992];>"
대(P),대,"<[1985,1985];[1988,1989];[1994,1994];[1996,1996];[2002,2002];[2006,2006];[2008,2008];[2010,2010];>"
이몸(N),이몸,"<[1985,1985];>"
이밤(N),이밤,"<[1985,1985];[1990,1991];[2001,2001];>"
때(P),때,"<[1985,1985];[2010,2010];>"
지나가(P),지나가,"<[1985,1985];[1988,1988];[1991,1992];[1994,1994];[1998,1998];[2003,2003];[2008,2008];[2017,2017];[2019,2019];>"
이세상(N),이세상,"<[1985,1985];[1989,1989];[1998,1998];>"
태어나(P),태어나,"<[1985,1985];[1989,1989];[2000,2001];[2004,2004];[2009,2009];>"
이제(N),이제,"<[1985,2016];[2018,2020];>"
벗어나(P),벗어나,"<[1985,1985];[1997,1997];[2006,2006];>"
잠(N),잠,"<[1985,1986];[1988,1988];[1996,1996];[1998,1999];[2005,2005];[2007,2007];[2009,2009];[2012,2019];>"
깨(P),깨,"<[1985,1985];[2014,2014];[2017,2017];>"
젊(P),젊,"<[1985,1985];[1989,1989];[1997,1997];>"
지(P),지,"<[1985,1985];[1988,1988];[1994,1994];[2001,2001];[2003,2004];[2009,2009];[2019,2019];>"
장미(N),장미,"<[1985,1986];>"
조(N),조,"<[1985,1985];>"
날(P),날,"<[1985,1987];[1994,1994];[2003,2003];[2005,2005];[2007,2007];[2009,2009];>"
지(N),지,"<[1985,1985];[1988,1988];[1990,1990];[1994,1994];[1996,1996];[1998,1999];[2003,2003];[2006,2006];[2008,2008];[2010,2012];[2017,2017];>"
지난시절(N),지난시절,"<[1985,1985];>"
창(N),창,"<[1985,1985];[2014,2014];>"
바람들(P),바람들,"<[1985,1985];>"
향하(P),향하,"<[1985,1987];[1992,1992];[1996,1997];[1999,2000];[2002,2002];[2004,2004];[2008,2009];[2011,2011];[2014,2014];[2016,2016];[2018,2020];>"
추억(N),추억,"<[1985,1992];[1994,1996];[1998,1998];[2002,2002];[2004,2006];[2008,2008];[2012,2012];[2014,2014];[2017,2018];[2020,2020];>"
타(N),타,"<[1985,1985];[2015,2015];>"
편지(N),편지,"<[1985,1985];[1989,1989];[1994,1994];[2001,2001];>"
쓰(P),쓰,"<[1985,1985];[1989,1990];[1994,1994];[1997,1997];[2001,2003];[2005,2009];[2011,2011];[2017,2018];[2020,2020];>"
품(N),품,"<[1985,1985];[1993,1993];[1997,1998];[2002,2002];[2006,2006];[2008,2008];[2012,2012];[2017,2017];>"
하(N),하,"<[1985,1985];[1991,1991];[1999,1999];[2006,2006];>"
하늘(N),하늘,"<[1985,1987];[1989,1989];[1991,1991];[1993,1994];[1997,2001];[2003,2006];[2009,2009];[2011,2013];[2015,2017];[2020,2020];>"
행복(N),행복,"<[1985,1985];[1990,1991];[1996,2008];[2010,2011];[2016,2016];[2018,2019];>"
허위(N),허위,"<[1985,1985];>"
쉬(P),쉬,"<[1985,1985];[1989,1989];[1992,1993];[1997,2000];[2002,2017];[2019,2020];>"
올라가(P),올라가,"<[1985,1985];[2012,2012];[2017,2017];>"
화분(N),화분,"<[1985,1985];[2008,2008];>"
횐(N),횐,"<[1985,1985];>"
후(N),후,"<[1985,1985];[1987,1987];[1992,1993];[1996,1997];[2004,2004];[2011,2011];>"
싫(P),싫,"<[1985,1985];[1991,1999];[2002,2004];[2006,2006];[2008,2008];[2011,2015];[2018,2018];>"
비(P),비,"<[1986,1986];[1989,1990];[2005,2005];[2009,2009];[2013,2014];>"
숨(P),숨,"<[1986,1986];[2004,2004];[2019,2019];>"
갈바람(N),갈바람,"<[1986,1986];>"
갈수(N),갈수,"<[1986,1986];>"
거(N),거,"<[1986,1986];[2011,2011];[2015,2015];[2020,2020];>"
거리(N),거리,"<[1986,1986];[1988,1989];[1994,1994];[1998,2000];[2003,2003];[2006,2006];[2012,2012];>"
고이네(N),고이네,"<[1986,1986];>"
까맣(P),까맣,"<[1986,1986];[1993,1993];[2012,2012];>"
깊(P),깊,"<[1986,1986];[1991,1992];[1994,1994];[1996,1996];[1998,1999];[2001,2003];[2006,2006];[2008,2008];[2015,2015];[2017,2017];[2019,2019];>"
국화(N),국화,"<[1986,1986];>"
서(P),서,"<[1986,1986];[1992,1992];[1999,2000];[2009,2009];[2016,2016];[2019,2020];>"
꿈(N),꿈,"<[1986,1987];[1989,1991];[1993,2000];[2003,2007];[2009,2009];[2011,2020];>"
끝(N),끝,"<[1986,1986];[1988,1988];[1996,1996];[1998,2001];[2003,2004];[2006,2008];[2011,2014];[2018,2018];>"
파랗(P),파랗,"<[1986,1986];[1993,1993];[2000,2000];[2006,2006];[2011,2012];>"
나라(N),나라,"<[1986,1986];[1988,1988];>"
새파랗(P),새파랗,"<[1986,1986];>"
날(N),날,"<[1986,1990];[1992,2020];>"
슬프(P),슬프,"<[1986,1997];[1999,2004];[2009,2009];[2013,2013];>"
흐르(P),흐르,"<[1986,1991];[1994,1999];[2001,2014];[2016,2017];[2019,2019];>"
눈빛(N),눈빛,"<[1986,1986];[1992,1993];[2000,2000];[2008,2009];[2015,2015];>"
머물(P),머물,"<[1986,1987];[2002,2003];>"
도솔천(N),도솔천,"<[1986,1986];>"
애(P),애,"<[1986,1986];>"
동화책(N),동화책,"<[1986,1986];>"
때(N),때,"<[1986,1986];[1988,2006];[2008,2020];>"
받(P),받,"<[1986,1988];[1994,1995];[1997,1997];[2000,2002];[2004,2006];[2008,2008];[2010,2010];[2012,2015];[2017,2018];[2020,2020];>"
라디오(N),라디오,"<[1986,1986];>"
켜(P),켜,"<[1986,1986];>"
크(P),크,"<[1986,1986];[1991,1991];[1994,1994];[2000,2000];[2002,2002];[2004,2004];[2009,2009];[2011,2011];[2014,2014];>"
람(N),람,"<[1986,1986];>"
밀리(P),밀리,"<[1986,1986];>"
물새(N),물새,"<[1986,1986];>"
바다(N),바다,"<[1986,1986];[1989,1990];[1996,1997];[1999,1999];[2002,2002];[2015,2015];[2020,2020];>"
눕(P),눕,"<[1986,1986];[2016,2016];>"
불(P),불,"<[1986,1992];[2000,2000];[2005,2005];[2011,2014];[2017,2018];>"
번(N),번,"<[1986,1986];[1995,1996];[2009,2009];>"
손잡(P),손잡,"<[1986,1986];>"
불(N),불,"<[1986,1986];[1991,1991];[2008,2008];[2016,2016];>"
밝히(P),밝히,"<[1986,1986];[2005,2005];[2018,2018];>"
빛(N),빛,"<[1986,1987];[2002,2003];[2008,2008];[2013,2013];[2015,2015];[2017,2018];>"
밝(P),밝,"<[1986,1987];[1993,1993];[1997,1997];[2008,2008];[2018,2019];>"
두(P),두,"<[1986,1986];[1991,1993];[1995,1995];[2008,2009];[2011,2011];[2017,2017];>"
모이(P),모이,"<[1986,1986];[2015,2015];[2018,2018];>"
밉(P),밉,"<[1986,1986];[1991,1991];[2006,2008];[2014,2014];>"
만나(P),만나,"<[1986,1986];[1988,1992];[1994,2014];[2016,2020];>"
지우(P),지우,"<[1986,1990];[1994,1994];[2000,2000];[2002,2002];[2006,2006];[2014,2014];[2018,2018];>"
철없(P),철없,"<[1986,1986];>"
넘(P),넘,"<[1986,1986];[2004,2004];[2018,2018];[2020,2020];>"
새(N),새,"<[1986,1986];[1989,1989];[1993,1993];[2003,2003];>"
간(P),간,"<[1986,1986];>"
생각(N),생각,"<[1986,1987];[1990,1998];[2000,2020];>"
나(P),나,"<[1986,1988];[1990,2018];[2020,2020];>"
소용(N),소용,"<[1986,1986];[1990,1990];>"
속(N),속,"<[1986,1986];[1988,1996];[1998,2009];[2012,2012];[2014,2016];[2019,2020];>"
잡(P),잡,"<[1986,1988];[1991,1992];[1994,1995];[1997,2010];[2012,2020];>"
수요일(N),수요일,"<[1986,1986];>"
빨갛(P),빨갛,"<[1986,1986];[1990,1990];[2012,2014];[2017,2017];>"
스(N),스,"<[1986,1986];>"
잘(P),잘,"<[1986,1986];>"
시간(N),시간,"<[1986,1986];[1988,1988];[1990,1995];[1997,2000];[2002,2020];>"
흘러가(P),흘러가,"<[1986,1986];[1989,1990];[1992,1992];[2003,2003];>"
어둠(N),어둠,"<[1986,1987];[1994,1994];[1997,1997];>"
온세상(N),온세상,"<[1986,1986];>"
위(N),위,"<[1986,1986];[1995,1995];[2000,2000];[2012,2012];[2015,2017];[2020,2020];>"
꾸(P),꾸,"<[1986,1987];[1989,1989];[1993,1994];[1997,2000];[2003,2003];[2005,2005];[2009,2009];[2011,2017];[2019,2020];>"
일(N),일,"<[1986,1988];[1992,1996];[1998,2013];[2015,2016];[2018,2020];>"
기뻐하(P),기뻐하,"<[1986,1986];>"
좋아하(P),좋아하,"<[1986,1986];[1994,1994];[2001,2001];[2008,2008];[2011,2011];[2016,2017];[2019,2019];>"
자리(N),자리,"<[1986,1986];[1994,1994];[1999,1999];[2004,2004];[2018,2018];>"
잔치(N),잔치,"<[1986,1986];>"
벌리(P),벌리,"<[1986,1986];>"
들(P),들,"<[1986,1986];[1988,1993];[1995,2000];[2002,2002];[2004,2007];[2009,2018];>"
조금(N),조금,"<[1986,1986];[1996,1996];[1998,2000];[2002,2002];[2004,2004];[2008,2008];[2010,2011];>"
지금(N),지금,"<[1986,1986];[1999,1999];[2002,2002];[2012,2012];[2020,2020];>"
진달래(N),진달래,"<[1986,1986];>"
찌루(N),찌루,"<[1986,1986];>"
촛불(N),촛불,"<[1986,1986];>"
아름답(P),아름답,"<[1986,1991];[1994,1994];[1998,1998];[2000,2002];[2005,2005];[2008,2008];[2010,2010];[2012,2015];[2018,2020];>"
텔레비젼(N),텔레비젼,"<[1986,1986];>"
식(P),식,"<[1986,1986];[1995,1995];[2005,2005];[2015,2015];>"
한마음(N),한마음,"<[1986,1986];>"
혼자(N),혼자,"<[1986,1988];[1990,1991];[1994,1999];[2001,2001];[2003,2003];[2005,2006];[2008,2011];[2014,2018];>"
황혼(N),황혼,"<[1986,1986];>"
희야(N),희야,"<[1986,1986];>"
바라보(P),바라보,"<[1986,1986];[1990,1991];[1996,1996];[2005,2005];[2008,2011];[2016,2016];>"
가을(N),가을,"<[1987,1987];[1989,1989];[2001,2001];[2017,2018];>"
내맘아(P),내맘아,"<[1987,1987];>"
갈곳(N),갈곳,"<[1987,1987];>"
경아(N),경아,"<[1987,1987];>"
돌아오(P),돌아오,"<[1987,1987];[1989,1989];[1995,1995];[1999,1999];[2002,2003];[2006,2006];[2008,2009];[2017,2017];>"
굿바이(N),굿바이,"<[1987,1987];>"
그렇(P),그렇,"<[1987,1987];[1990,1992];[1995,1995];[1997,1997];[1999,2004];[2007,2009];[2016,2016];[2019,2020];>"
그림자(N),그림자,"<[1987,1987];>"
기억(N),기억,"<[1987,1987];[1990,1994];[1996,1996];[1998,1998];[2000,2006];[2008,2008];[2011,2014];[2017,2017];[2020,2020];>"
끝나(P),끝나,"<[1987,1987];[1999,1999];[2003,2003];[2006,2006];[2008,2008];[2011,2012];[2014,2014];>"
예쁘(P),예쁘,"<[1987,1987];[1992,1992];[2008,2008];[2013,2013];[2016,2018];>"
나그네(N),나그네,"<[1987,1987];>"
낙엽(N),낙엽,"<[1987,1987];>"
잃어버리(P),잃어버리,"<[1987,1987];[1995,1995];[2003,2003];[2016,2016];>"
내(N),내,"<[1987,1988];[1991,1991];>"
기다리(P),기다리,"<[1987,1987];[1989,1990];[1992,1994];[1996,1996];[1998,2009];[2011,2011];[2013,2014];[2018,2020];>"
찾아오(P),찾아오,"<[1987,1987];[1990,1990];[2005,2005];[2008,2008];[2012,2012];[2016,2016];>"
뜨(P),뜨,"<[1987,1988];[1994,1995];[1997,1997];[1999,2000];[2002,2005];[2007,2009];[2012,2012];[2014,2016];[2018,2018];[2020,2020];>"
맴돌(P),맴돌,"<[1987,1987];[2009,2010];[2013,2013];[2017,2017];>"
당(N),당,"<[1987,1987];>"
땀새(N),땀새,"<[1987,1987];>"
그러(P),그러,"<[1987,1987];[1993,1994];[1996,1996];[2004,2009];[2012,2012];[2017,2017];>"
르네(N),르네,"<[1987,1987];>"
부(P),부,"<[1987,1987];[2011,2011];[2014,2014];>"
마(N),마,"<[1987,1987];[1989,1989];[1991,1991];[1995,1996];[1998,1999];[2001,2002];[2005,2008];[2010,2018];>"
보내(P),보내,"<[1987,1987];[1991,1991];[1993,1993];[2001,2004];[2007,2007];[2012,2014];[2020,2020];>"
머물수(N),머물수,"<[1987,1987];>"
몸살(N),몸살,"<[1987,1987];>"
물거품(N),물거품,"<[1987,1987];[2004,2004];>"
깨지(P),깨지,"<[1987,1987];[2004,2004];>"
길(P),길,"<[1987,1987];[1990,1990];[1993,1993];[1999,1999];[2002,2002];[2005,2005];[2007,2007];[2011,2012];[2014,2014];[2018,2019];>"
지새(P),지새,"<[1987,1987];>"
짓새(P),짓새,"<[1987,1987];>"
보(N),보,"<[1987,1987];[1999,1999];[2014,2014];[2017,2017];>"
빗소리(N),빗소리,"<[1987,1987];>"
하얗(P),하얗,"<[1987,1989];[1996,1996];[2002,2002];[2005,2005];>"
새벽새(N),새벽새,"<[1987,1987];>"
날아오(P),날아오,"<[1987,1987];[1996,1996];>"
흩(P),흩,"<[1987,1987];>"
소리(N),소리,"<[1987,1987];[1989,1989];[1991,1991];[2002,2002];[2005,2006];[2011,2011];[2013,2014];[2016,2016];[2018,2018];>"
시절(N),시절,"<[1987,1987];[1989,1989];[1992,1992];[1997,1997];>"
어리(P),어리,"<[1987,1987];[1989,1989];[1992,1992];[1997,1998];[2000,2000];[2002,2002];[2006,2006];[2012,2012];[2014,2015];[2018,2018];>"
썰물(N),썰물,"<[1987,1987];>"
아침(N),아침,"<[1987,1987];[1995,1996];[1998,1998];[2013,2013];[2016,2017];[2019,2019];>"
얘기(N),얘기,"<[1987,1987];[1990,1990];[1992,1992];[1996,2000];[2003,2003];[2005,2005];[2011,2011];[2013,2014];[2016,2017];>"
걷히(P),걷히,"<[1987,1987];>"
어른(N),어른,"<[1987,1987];[1996,1996];[1999,1999];[2016,2016];>"
얼굴(N),얼굴,"<[1987,1987];[1990,1990];[1992,1993];[2003,2003];[2006,2008];[2010,2011];[2013,2013];[2017,2017];>"
여인(N),여인,"<[1987,1987];>"
영(N),영,"<[1987,1987];>"
견디(P),견디,"<[1987,1987];[1998,1998];>"
오늘(N),오늘,"<[1987,1987];[1989,1989];[1992,1992];[1996,1997];[2000,2001];[2003,2005];[2007,2007];[2009,2009];[2011,2011];[2013,2016];[2018,2019];>"
오늘밤(N),오늘밤,"<[1987,1988];[2015,2015];>"
웃음(N),웃음,"<[1987,1987];[1989,1989];[1993,1993];[1997,1997];[2003,2003];[2007,2007];[2010,2010];>"
짓(P),짓,"<[1987,1987];[1992,1993];[1999,2000];[2003,2003];[2008,2008];>"
음악(N),음악,"<[1987,1987];[1990,1990];[1999,1999];[2002,2003];[2012,2012];[2019,2019];>"
이슬(N),이슬,"<[1987,1987];>"
사라지(P),사라지,"<[1987,1987];[1989,1990];[2006,2006];[2011,2011];[2013,2013];[2017,2017];>"
잊어버리(P),잊어버리,"<[1987,1987];[2016,2016];>"
잎새(N),잎새,"<[1987,1987];>"
떨어지(P),떨어지,"<[1987,1987];[2012,2012];[2016,2016];>"
젊음(N),젊음,"<[1987,1987];>"
지마라(N),지마라,"<[1987,1987];[1989,1989];>"
청춘(N),청춘,"<[1987,1987];>"
태양(N),태양,"<[1987,1987];[1998,1998];[2000,2000];[2003,2003];[2005,2005];[2011,2011];[2015,2015];>"
풍선(N),풍선,"<[1987,1987];>"
날아가(P),날아가,"<[1987,1987];[1989,1989];[1993,1993];[2006,2006];>"
노랗(P),노랗,"<[1987,1987];[1990,1990];>"
현아(N),현아,"<[1987,1987];[2014,2014];>"
울(P),울,"<[1987,1993];[1998,1998];[2001,2007];[2010,2014];[2018,2019];>"
낯설(P),낯설,"<[1988,1988];[1994,1994];[2017,2017];>"
그리움(N),그리움,"<[1988,1991];[1994,1994];[1998,1999];[2008,2008];[2010,2010];>"
기쁨(N),기쁨,"<[1988,1989];>"
꽃(N),꽃,"<[1988,1988];[1990,1990];[1998,1998];[2001,2001];[2005,2005];[2011,2014];[2016,2016];[2018,2019];>"
꿈결(N),꿈결,"<[1988,1988];>"
나리(N),나리,"<[1988,1988];[2011,2011];>"
모(P),모,"<[1988,1989];[1993,1993];[1995,1995];[2000,2000];[2009,2009];[2011,2012];[2020,2020];>"
난날(N),난날,"<[1988,1988];>"
쏟아지(P),쏟아지,"<[1988,1988];[1999,1999];>"
위하(P),위하,"<[1988,1988];[1990,1991];[1993,2002];[2004,2004];[2006,2006];[2008,2008];[2011,2011];[2015,2015];[2018,2018];[2020,2020];>"
낮(N),낮,"<[1988,1988];>"
르(P),르,"<[1988,1989];[2002,2002];>"
내친구(N),내친구,"<[1988,1988];>"
귀엽(P),귀엽,"<[1988,1988];[2002,2002];>"
부시(P),부시,"<[1988,1988];[2008,2009];[2019,2019];>"
다디다담(N),다디다담,"<[1988,1988];>"
다(P),다,"<[1988,1988];>"
담(P),담,"<[1988,1989];[1993,1993];[2003,2003];[2005,2007];>"
다디담(N),다디담,"<[1988,1988];>"
달(N),달,"<[1988,1988];[1994,1994];[2008,2008];[2013,2013];[2018,2018];>"
담다디(N),담다디,"<[1988,1988];>"
뒤(N),뒤,"<[1988,1988];[1990,1990];[1995,1995];[1997,1997];[2002,2004];[2012,2012];[2014,2014];>"
수많(P),수많,"<[1988,1988];[2002,2002];[2005,2005];[2012,2012];[2018,2018];[2020,2020];>"
리(N),리,"<[1988,1989];[1991,1991];[1993,1993];[2000,2000];[2015,2015];>"
비추(P),비추,"<[1988,1988];[1993,1993];[2000,2000];[2002,2002];[2007,2007];[2011,2011];[2013,2013];[2015,2015];>"
립스틱(N),립스틱,"<[1988,1988];[2012,2014];>"
바르(P),바르,"<[1988,1988];[2002,2003];>"
모두(N),모두,"<[1988,1988];[1990,1991];[1996,1996];[2004,2004];[2008,2008];>"
잠들(P),잠들,"<[1988,1988];[1991,1992];[2008,2008];[2014,2014];[2020,2020];>"
미래(N),미래,"<[1988,1988];[2000,2000];[2002,2002];[2010,2010];>"
아쉽(P),아쉽,"<[1988,1988];>"
밤하늘(N),밤하늘,"<[1988,1988];[1993,1993];>"
방랑(N),방랑,"<[1988,1988];>"
뱃고동(N),뱃고동,"<[1988,1988];>"
빛나(P),빛나,"<[1988,1988];[1998,1998];[2009,2010];[2012,2012];[2018,2019];>"
별따(N),별따,"<[1988,1988];>"
분홍(N),분홍,"<[1988,1988];>"
맞(P),맞,"<[1988,1988];[1990,1991];[1993,1993];[2009,2009];[2017,2017];>"
그(P),그,"<[1988,1988];[1992,1992];[1997,1998];[2000,2003];[2005,2007];[2009,2010];[2013,2014];>"
사랑먼(N),사랑먼,"<[1988,1988];>"
사랑아(N),사랑아,"<[1988,1988];>"
소설(N),소설,"<[1988,1988];>"
나오(P),나오,"<[1988,1988];[1995,1995];[1999,2000];[2010,2010];[2013,2013];[2016,2016];[2019,2019];>"
수(N),수,"<[1988,1988];[1996,1996];[2000,2000];[2002,2002];[2013,2013];>"
안개꽃(N),안개꽃,"<[1988,1988];>"
남기(P),남기,"<[1988,1988];[1990,1990];[1992,1992];[1995,1995];[1999,2000];[2002,2002];[2004,2004];[2008,2008];[2014,2014];[2018,2018];>"
어젯밤(N),어젯밤,"<[1988,1988];>"
여(N),여,"<[1988,1988];[2004,2004];[2008,2008];>"
연인(N),연인,"<[1988,1988];>"
옛날(N),옛날,"<[1988,1988];[1999,1999];>"
울(N),울,"<[1988,1988];>"
이(N),이,"<[1988,1988];[1991,1991];[1999,1999];[2006,2006];[2013,2013];[2015,2016];>"
이별(N),이별,"<[1988,1988];[1991,1995];[1997,2000];[2002,2002];[2004,2004];[2006,2010];[2012,2012];[2014,2014];[2018,2019];>"
전(N),전,"<[1988,1988];[1994,1994];[2012,2014];[2019,2020];>"
줄(N),줄,"<[1988,1988];>"
지난날(N),지난날,"<[1988,1988];>"
집시(N),집시,"<[1988,1988];>"
처음(N),처음,"<[1988,1989];[1992,1996];[1998,2001];[2004,2005];[2008,2008];[2011,2013];[2017,2017];[2019,2020];>"
춤(N),춤,"<[1988,1989];[1991,1991];[1996,1997];[2003,2004];[2006,2007];[2009,2009];[2011,2011];[2013,2013];[2015,2018];[2020,2020];>"
추(P),추,"<[1988,1989];[1991,1991];[1996,1997];[2004,2004];[2006,2007];[2009,2009];[2011,2011];[2013,2013];[2015,2018];[2020,2020];>"
층(N),층,"<[1988,1988];>"
타인(N),타인,"<[1988,1988];>"
토요일(N),토요일,"<[1988,1988];>"
하루(N),하루,"<[1988,1988];[1992,1993];[1996,1996];[2000,2002];[2004,2009];[2012,2015];[2017,2017];[2019,2020];>"
해(N),해,"<[1988,1989];[2000,2000];[2008,2008];[2011,2011];[2013,2014];[2018,2019];>"
햇살(N),햇살,"<[1988,1988];[1999,1999];[2008,2008];[2012,2012];[2020,2020];>"
뛰(P),뛰,"<[1989,1989];[1999,1999];[2006,2006];[2008,2011];[2013,2015];>"
흐리(P),흐리,"<[1989,1989];[1992,1992];[2001,2001];>"
겨울(N),겨울,"<[1989,1989];[2018,2020];>"
달리(P),달리,"<[1989,1989];[2004,2004];>"
프(P),프,"<[1989,1989];[2005,2006];[2016,2016];>"
흩어지(P),흩어지,"<[1989,1989];>"
넘치(P),넘치,"<[1989,1989];[2008,2008];>"
안(P),안,"<[1989,1989];[1997,1997];[2000,2000];[2007,2008];[2010,2010];[2013,2013];>"
꿈들(N),꿈들,"<[1989,1989];[2001,2001];>"
잊히(P),잊히,"<[1989,1989];[1993,1993];[1998,1998];[2001,2001];[2007,2007];>"
나(N),나,"<[1989,1989];[1995,1995];[1997,1997];[2000,2002];[2004,2005];[2007,2007];[2009,2012];[2015,2016];>"
내맘(N),내맘,"<[1989,1989];[1992,1992];[2008,2008];>"
돌아서(P),돌아서,"<[1989,1989];[2003,2003];>"
떠보(P),떠보,"<[1989,1989];[1997,1997];[2019,2019];>"
대답(N),대답,"<[1989,1989];[2007,2009];[2011,2011];[2013,2013];>"
기쁘(P),기쁘,"<[1989,1989];>"
른(N),른,"<[1989,1989];[1993,1993];[2000,2000];[2009,2009];>"
맘(N),맘,"<[1989,1991];[1995,1995];[1997,1997];[1999,1999];[2001,2020];>"
면(N),면,"<[1989,1989];>"
밑(N),밑,"<[1989,1989];[2004,2004];>"
날리(P),날리,"<[1989,1989];[1998,1998];[2008,2008];[2012,2012];>"
따르(P),따르,"<[1989,1989];[1995,1995];[2009,2010];[2015,2015];>"
바람아(N),바람아,"<[1989,1989];>"
멈추(P),멈추,"<[1989,1989];[1997,1997];[1999,2000];[2003,2004];[2007,2009];[2011,2011];[2014,2016];[2018,2019];>"
분(N),분,"<[1989,1989];>"
빗물(N),빗물,"<[1989,1989];>"
꿈꾸(P),꿈꾸,"<[1989,1989];[1998,1998];[2002,2002];[2004,2004];[2006,2006];[2015,2015];>"
변하(P),변하,"<[1989,1989];[1994,1994];[1997,1998];[2002,2002];[2004,2004];[2007,2007];[2009,2011];[2019,2019];>"
내(P),내,"<[1989,1990];[2001,2002];[2004,2004];[2006,2006];[2011,2011];[2018,2018];>"
솔아(N),솔아,"<[1989,1989];>"
푸르르(P),푸르르,"<[1989,1989];>"
수평선(N),수평선,"<[1989,1989];>"
보이(P),보이,"<[1989,1989];[1991,1991];[1993,1998];[2000,2001];[2004,2004];[2006,2006];[2008,2008];[2011,2017];[2019,2019];>"
숨(N),숨,"<[1989,1989];[1992,1993];[1997,2000];[2003,2020];>"
올해들(N),올해들,"<[1989,1989];>"
음(N),음,"<[1989,1989];[1997,1998];>"
이해(N),이해,"<[1989,1989];[1995,1995];[1998,2000];[2016,2016];>"
지마(N),지마,"<[1989,1989];[1996,1996];[1999,2001];[2011,2011];[2016,2016];>"
창문(N),창문,"<[1989,1989];[2001,2001];>"
드리우(P),드리우,"<[1989,1989];>"
열(P),열,"<[1989,1989];[1996,1996];[2000,2002];[2005,2005];[2008,2008];[2012,2012];>"
책(N),책,"<[1989,1989];>"
접(P),접,"<[1989,1989];[2008,2008];>"
돌이키(P),돌이키,"<[1989,1989];[2004,2004];[2008,2008];>"
친구(N),친구,"<[1989,1989];[1991,1991];[1993,1995];[1997,1997];[2002,2002];[2004,2004];[2012,2012];[2019,2019];>"
슬퍼하(P),슬퍼하,"<[1989,1989];>"
커튼(N),커튼,"<[1989,1989];>"
파도(N),파도,"<[1989,1989];[2007,2007];[2012,2012];[2018,2018];>"
날아보(P),날아보,"<[1989,1989];[2000,2000];>"
한숨(N),한숨,"<[1989,1989];[2006,2007];>"
향기(N),향기,"<[1989,1989];[1994,1994];[2009,2009];[2011,2012];[2017,2017];>"
호랑나비(N),호랑나비,"<[1989,1989];>"
강물(N),강물,"<[1990,1990];>"
걸(N),걸,"<[1990,1990];[1993,1993];[1997,1998];[2002,2004];[2011,2011];>"
고(N),고,"<[1990,1990];[2009,2009];[2011,2011];>"
귀(N),귀,"<[1990,1990];[1998,1998];[2004,2004];[2009,2009];[2011,2012];>"
기울이(P),기울이,"<[1990,1990];[2019,2019];>"
쌓이(P),쌓이,"<[1990,1991];[1995,1995];>"
기약(N),기약,"<[1990,1990];[2005,2005];>"
나나나나(N),나나나나,"<[1990,1990];>"
남기네(N),남기네,"<[1990,1990];[2005,2005];>"
럽(P),럽,"<[1990,1990];[2005,2005];>"
내일얘기(N),내일얘기,"<[1990,1990];>"
마르(P),마르,"<[1990,1990];[2000,2000];[2012,2012];[2014,2014];>"
도네(N),도네,"<[1990,1990];[2011,2011];>"
돌아가네(P),돌아가네,"<[1990,1990];>"
수줍(P),수줍,"<[1990,1991];[2000,2000];[2012,2012];>"
먹(N),먹,"<[1990,1990];[1999,1999];>"
미련(N),미련,"<[1990,1990];[2002,2002];>"
미싱(N),미싱,"<[1990,1990];>"
새기(P),새기,"<[1990,1990];>"
볼(N),볼,"<[1990,1990];[1994,1994];[1998,1998];[2001,2001];[2003,2003];[2013,2013];>"
얄밉(P),얄밉,"<[1990,1990];>"
서(N),서,"<[1990,1990];[1995,1995];[2005,2005];[2017,2017];>"
수화기(N),수화기,"<[1990,1990];>"
움(N),움,"<[1990,1990];[2005,2005];>"
이별뒤(N),이별뒤,"<[1990,1990];[2005,2005];>"
정주(N),정주,"<[1990,1990];>"
지울수(N),지울수,"<[1990,1990];>"
착각(N),착각,"<[1990,1990];[2008,2008];>"
지나치(P),지나치,"<[1990,1990];>"
한(N),한,"<[1990,1990];[2006,2006];[2008,2008];[2013,2013];[2020,2020];>"
거울(N),거울,"<[1991,1991];[2011,2011];[2015,2015];>"
고요(N),고요,"<[1991,1991];>"
비틀거리(P),비틀거리,"<[1991,1991];>"
안기(P),안기,"<[1991,1991];[1993,1993];[1997,1998];[2006,2006];[2012,2012];[2017,2017];>"
기(N),기,"<[1991,1991];[1995,1995];>"
우(P),우,"<[1991,1991];[1993,1993];[2005,2006];[2013,2013];[2017,2017];>"
노래(N),노래,"<[1991,1998];[2000,2000];[2003,2005];[2008,2012];[2014,2020];>"
대품(N),대품,"<[1991,1991];>"
데(N),데,"<[1991,1991];>"
가지(P),가지,"<[1991,1991];[1995,1995];[2000,2002];[2004,2004];[2007,2007];[2012,2012];[2015,2015];[2018,2018];>"
바라(P),바라,"<[1991,1991];[1993,1993];[1996,1996];[2003,2003];[2005,2005];>"
부질없(P),부질없,"<[1991,1991];>"
미(N),미,"<[1991,1991];>"
미니스커트(N),미니스커트,"<[1991,1991];>"
짧(P),짧,"<[1991,1991];[1994,1994];[2008,2008];[2013,2014];>"
거(P),거,"<[1991,1991];>"
삐(N),삐,"<[1991,1991];[1996,1996];>"
돌(P),돌,"<[1991,1991];[2002,2005];[2011,2011];[2015,2015];[2017,2017];>"
소(N),소,"<[1991,1991];>"
용없잖(P),용없잖,"<[1991,1991];>"
시(N),시,"<[1991,1991];[1994,1994];[2003,2003];>"
아(N),아,"<[1991,1991];[1999,1999];[2005,2006];[2016,2016];>"
돌리(P),돌리,"<[1991,1991];[2002,2003];[2011,2012];>"
안(N),안,"<[1991,1991];[1996,1996];[1998,1998];[2000,2000];[2003,2004];[2006,2006];[2008,2008];[2012,2013];[2015,2015];[2018,2019];>"
안개비(N),안개비,"<[1991,1991];>"
차갑(P),차갑,"<[1991,1992];[1997,1997];[2008,2009];[2011,2011];[2013,2014];>"
알(N),알,"<[1991,1991];[2013,2013];>"
앞(N),앞,"<[1991,1991];[1993,1993];[1997,1998];[2000,2000];[2003,2004];[2009,2009];[2011,2011];[2016,2016];>"
에로(N),에로,"<[1991,1991];>"
여자(N),여자,"<[1991,1991];[2001,2001];[2003,2006];[2008,2011];[2013,2013];[2015,2017];>"
영화(N),영화,"<[1991,1991];[2002,2003];[2012,2012];>"
울음(N),울음,"<[1991,1991];>"
이름(N),이름,"<[1991,1991];[1995,1996];[2003,2009];[2011,2011];[2013,2013];>"
얻(P),얻,"<[1991,1991];>"
헤어지(P),헤어지,"<[1991,1991];[1995,1996];[2002,2002];[2005,2007];[2009,2010];[2013,2014];[2018,2018];>"
잠시(N),잠시,"<[1991,1991];>"
주인공(N),주인공,"<[1991,1991];[2017,2017];>"
첫사랑(N),첫사랑,"<[1991,1991];[1998,1998];[2009,2009];>"
그대(P),그대,"<[1991,1991];[2004,2005];[2008,2008];[2016,2016];>"
화요일(N),화요일,"<[1991,1991];>"
휴식(N),휴식,"<[1991,1991];>"
가지(N),가지,"<[1992,1992];>"
거짓(N),거짓,"<[1992,1992];[2000,2000];[2018,2018];>"
거짓말(N),거짓말,"<[1992,1992];[2007,2007];[2009,2010];[2018,2018];>"
걱정(N),걱정,"<[1992,1992];[1998,1998];[2000,2000];[2004,2004];[2010,2011];[2015,2016];>"
과거(N),과거,"<[1992,1992];>"
꽃모자(N),꽃모자,"<[1992,1992];>"
듣(P),듣,"<[1992,1992];[1995,1995];[1998,1998];[2003,2006];[2009,2014];[2016,2017];[2019,2020];>"
즐기(P),즐기,"<[1992,1992];[2002,2002];>"
든날(N),든날,"<[1992,1992];>"
정(P),정,"<[1992,1992];>"
라(N),라,"<[1992,1993];[2002,2002];[2005,2006];[2008,2009];[2011,2012];[2014,2014];[2018,2018];>"
사(P),사,"<[1992,1992];[1999,1999];[2015,2015];>"
다가오(P),다가오,"<[1992,1992];[1994,1994];[1998,1999];[2008,2008];[2013,2013];>"
목소리(N),목소리,"<[1992,1992];[2005,2006];[2009,2009];[2012,2013];[2015,2015];>"
미소(N),미소,"<[1992,1993];[1996,1996];[1998,1999];[2001,2001];[2004,2004];[2008,2009];[2014,2014];[2019,2020];>"
이루어지(P),이루어지,"<[1992,1992];[2002,2003];[2010,2010];>"
서로(N),서로,"<[1992,1992];[1994,1994];[2008,2008];[2016,2016];[2019,2019];>"
성(N),성,"<[1992,1992];[2005,2005];>"
아픔(N),아픔,"<[1992,1992];[1994,1994];[1998,1998];[2000,2000];[2007,2007];[2009,2009];[2013,2013];[2020,2020];>"
안녕(N),안녕,"<[1992,1992];[2007,2007];>"
쉽(P),쉽,"<[1992,1992];[1994,1994];[2001,2001];[2005,2009];[2011,2013];[2016,2016];>"
예감(N),예감,"<[1992,1992];[2000,2000];[2004,2004];>"
의미(N),의미,"<[1992,1994];[1997,1997];[2007,2007];[2013,2013];[2015,2017];[2020,2020];>"
때늦(P),때늦,"<[1992,1992];>"
눈감(P),눈감,"<[1992,1992];>"
차(P),차,"<[1992,1992];[2007,2007];[2011,2011];[2013,2014];[2019,2019];>"
일기(N),일기,"<[1992,1992];>"
힘들(P),힘들,"<[1992,1993];[1995,1995];[1998,1999];[2001,2001];[2004,2006];[2012,2012];[2020,2020];>"
창가(N),창가,"<[1992,1992];[2008,2008];>"
기대(P),기대,"<[1992,1992];[2017,2017];>"
필요(N),필요,"<[1992,1993];[1995,2001];[2003,2003];[2005,2005];[2007,2007];[2009,2011];[2014,2014];[2016,2016];[2018,2020];>"
후회(N),후회,"<[1992,1993];[1996,1997];[1999,1999];[2001,2002];[2004,2004];[2006,2006];[2008,2008];[2010,2011];[2013,2015];[2018,2018];[2020,2020];>"
힘(N),힘,"<[1992,1992];[1994,1999];[2002,2002];[2004,2006];[2009,2009];[2011,2011];[2013,2013];[2018,2018];>"
가(N),가,"<[1993,1993];[2017,2017];>"
울기(P),울기,"<[1993,1993];>"
떨리(P),떨리,"<[1993,1993];[2009,2009];[2013,2013];>"
기도(N),기도,"<[1993,1993];[1999,1999];[2015,2015];>"
기분(N),기분,"<[1993,1993];[1995,1995];[2004,2005];[2007,2008];[2015,2016];[2018,2018];[2020,2020];>"
벅차(P),벅차,"<[1993,1993];>"
넥타이(N),넥타이,"<[1993,1993];>"
느낌(N),느낌,"<[1993,1993];[1995,1995];[2001,2001];[2013,2013];[2015,2017];>"
다(N),다,"<[1993,1993];[1995,1995];[2002,2003];[2005,2005];[2015,2015];[2020,2020];>"
두근(N),두근,"<[1993,1993];>"
디(N),디,"<[1993,1993];[2009,2009];[2017,2017];>"
디러(P),디러,"<[1993,1993];>"
러(P),러,"<[1993,1993];[2013,2013];>"
디러(N),디러,"<[1993,1993];>"
디리(N),디리,"<[1993,1993];>"
딛(P),딛,"<[1993,1993];>"
랄(P),랄,"<[1993,1993];[2005,2006];[2011,2012];[2014,2014];[2018,2018];>"
라라라라(N),라라라라,"<[1993,1993];[2011,2011];>"
리지(N),리지,"<[1993,1993];[2012,2012];>"
무늬(N),무늬,"<[1993,1993];>"
방(N),방,"<[1993,1993];[2010,2010];[2014,2014];[2016,2016];>"
가르치(P),가르치,"<[1993,1993];[2009,2009];>"
버리(P),버리,"<[1993,1993];[1999,2000];[2003,2005];[2008,2008];[2011,2011];[2018,2018];>"
부르(P),부르,"<[1993,1993];[1995,1996];[1998,1998];[2000,2000];[2003,2004];[2006,2012];[2014,2014];[2016,2017];[2019,2020];>"
싫증나(P),싫증나,"<[1993,1993];>"
워(P),워,"<[1993,1993];>"
길들(P),길들,"<[1993,1993];>"
이(P),이,"<[1993,1993];[1996,1996];[1998,1998];[2002,2002];[2005,2005];[2014,2014];[2016,2016];>"
시작(N),시작,"<[1993,1995];[1998,1998];[2011,2011];[2013,2015];>"
아이(N),아이,"<[1993,1993];>"
자라(P),자라,"<[1993,1993];[1998,1998];[2014,2014];[2018,2018];>"
알수(N),알수,"<[1993,1993];>"
야이(N),야이,"<[1993,1993];>"
어제(N),어제,"<[1993,1993];[2013,2015];>"
언(N),언,"<[1993,1993];>"
요지경(N),요지경,"<[1993,1993];>"
웃음짓(N),웃음짓,"<[1993,1993];>"
인생(N),인생,"<[1993,1993];[1996,1996];[2002,2002];[2004,2004];[2011,2011];>"
주오(N),주오,"<[1993,1993];[1997,1997];>"
짐(N),짐,"<[1993,1993];>"
팬티(N),팬티,"<[1993,1993];>"
표정(N),표정,"<[1993,1993];[1996,1996];[2000,2000];>"
헤야(N),헤야,"<[1993,1993];>"
헤이(N),헤이,"<[1993,1993];>"
홈(N),홈,"<[1993,1993];>"
홈마(N),홈마,"<[1993,1993];>"
거절(N),거절,"<[1994,1994];>"
고민(N),고민,"<[1994,1994];>"
그때(N),그때,"<[1994,1995];[1997,1997];[2001,2002];[2010,2012];[2014,2014];[2016,2016];[2018,2020];>"
밤새(P),밤새,"<[1994,1994];>"
애쓰(P),애쓰,"<[1994,1994];[2019,2019];>"
참(P),참,"<[1994,1994];[1998,1999];[2008,2008];[2011,2011];[2014,2014];[2020,2020];>"
만들(P),만들,"<[1994,1996];[1998,1998];[2006,2006];[2012,2012];[2016,2016];>"
머(P),머,"<[1994,1994];>"
감추(P),감추,"<[1994,1994];[2002,2002];[2005,2005];[2015,2015];>"
능력(N),능력,"<[1994,1995];>"
다짐(N),다짐,"<[1994,1994];[2001,2001];[2007,2008];>"
묻히(P),묻히,"<[1994,1994];[2003,2003];[2012,2012];>"
닮(P),닮,"<[1994,1994];[1998,1998];[2004,2004];[2006,2006];[2008,2008];[2012,2012];>"
지치(P),지치,"<[1994,1995];[1997,1998];[2000,2000];[2008,2009];[2011,2011];>"
때쯤(N),때쯤,"<[1994,1994];[1998,1998];>"
보석(N),보석,"<[1994,1994];>"
굴하(P),굴하,"<[1994,1994];>"
비밀(N),비밀,"<[1994,1994];>"
소망(N),소망,"<[1994,1994];[2003,2003];>"
아무것(N),아무것,"<[1994,1994];[1997,1997];[2000,2002];[2005,2005];[2008,2008];[2010,2010];[2012,2012];[2014,2016];>"
약속(N),약속,"<[1994,1994];[1996,1998];[2001,2001];[2007,2007];[2014,2014];[2020,2020];>"
영원(N),영원,"<[1994,1994];[1998,2000];[2002,2002];[2004,2004];[2012,2012];>"
위로(N),위로,"<[1994,1994];[1999,1999];>"
이상(N),이상,"<[1994,1994];[1997,1999];[2001,2005];[2010,2010];[2012,2013];[2015,2015];>"
원하(P),원하,"<[1994,1994];[1998,1999];[2002,2003];[2008,2010];[2012,2012];[2018,2018];>"
자신(N),자신,"<[1994,1994];[1996,1999];[2001,2009];[2012,2013];[2016,2017];[2019,2019];>"
전시회장(N),전시회장,"<[1994,1994];>"
전화(N),전화,"<[1994,1994];[2012,2012];[2016,2016];>"
주저(N),주저,"<[1994,1994];>"
칵테일(N),칵테일,"<[1994,1994];>"
취하(P),취하,"<[1994,1994];[2000,2001];[2004,2007];>"
탐(N),탐,"<[1994,1994];[2011,2011];>"
스(P),스,"<[1994,1994];[2011,2011];>"
이쁘(P),이쁘,"<[1994,1994];[2010,2011];>"
파(N),파,"<[1994,1994];>"
포기(N),포기,"<[1994,1994];>"
핑계(N),핑계,"<[1994,1994];>"
한편(N),한편,"<[1994,1994];[2020,2020];>"
할래(N),할래,"<[1994,1994];>"
결혼(N),결혼,"<[1995,1995];[2003,2003];>"
가막히(P),가막히,"<[1995,1995];>"
껄(N),껄,"<[1995,1995];>"
나나나(P),나나나,"<[1995,1995];[1997,1997];[2000,2000];[2002,2002];[2007,2007];[2009,2010];>"
강하(P),강하,"<[1995,1995];>"
머무르(P),머무르,"<[1995,1995];[2020,2020];>"
널(N),널,"<[1995,1995];[1997,1997];[2007,2007];>"
흔하(P),흔하,"<[1995,1995];[2010,2010];[2014,2014];[2018,2019];>"
끝내(P),끝내,"<[1995,1995];[2005,2005];[2007,2007];[2019,2019];>"
눈길(N),눈길,"<[1995,1995];[1999,1999];>"
웃(P),웃,"<[1995,1995];[1998,1998];[2002,2002];[2004,2006];[2008,2008];[2010,2015];[2019,2019];>"
흘(P),흘,"<[1995,1995];>"
가져가(P),가져가,"<[1995,1995];[2008,2008];[2012,2013];>"
다음(N),다음,"<[1995,1995];[2011,2011];[2015,2015];>"
대(N),대,"<[1995,1995];[2009,2009];>"
동안(N),동안,"<[1995,1996];[2006,2006];>"
르지(N),르지,"<[1995,1995];>"
꾸미(P),꾸미,"<[1995,1995];>"
건넬(P),건넬,"<[1995,1995];>"
어떡하(P),어떡하,"<[1995,1995];[1999,1999];[2006,2006];[2008,2008];>"
두근거리(P),두근거리,"<[1995,1995];>"
모(N),모,"<[1995,1995];[2002,2002];[2005,2005];>"
갇히(P),갇히,"<[1995,1996];[2000,2000];[2008,2008];>"
반지(N),반지,"<[1995,1995];>"
끊어지(P),끊어지,"<[1995,1995];>"
사바(N),사바,"<[1995,1995];>"
살면(N),살면,"<[1995,1995];>"
소복(N),소복,"<[1995,1995];>"
내밀(P),내밀,"<[1995,1995];[2008,2008];>"
조그맣(P),조그맣,"<[1995,1995];>"
오오(N),오오,"<[1995,1995];[2003,2003];>"
받아들이(P),받아들이,"<[1995,1995];>"
작은꿈(N),작은꿈,"<[1995,1995];>"
종교(N),종교,"<[1995,1995];>"
지칠(N),지칠,"<[1995,1995];>"
천사(N),천사,"<[1995,1995];[1997,1997];[2013,2013];>"
깨어나(P),깨어나,"<[1995,1995];>"
현실(N),현실,"<[1995,1995];>"
믿(P),믿,"<[1995,1995];[1998,1999];[2003,2007];[2009,2010];[2017,2017];[2020,2020];>"
흥보(N),흥보,"<[1995,1995];>"
꿍따리(N),꿍따리,"<[1996,1996];>"
빠빠(P),빠빠,"<[1996,1996];>"
빠빠빠(P),빠빠빠,"<[1996,1996];>"
힘겹(P),힘겹,"<[1996,1996];[2002,2002];>"
씌(P),씌,"<[1996,1996];>"
룰(N),룰,"<[1996,1996];[2003,2003];>"
마음속(N),마음속,"<[1996,1996];>"
마지막(N),마지막,"<[1996,1996];[1999,1999];[2005,2008];[2016,2016];[2018,2018];>"
어설프(P),어설프,"<[1996,1996];[2014,2014];>"
머리위(N),머리위,"<[1996,1996];>"
몸(N),몸,"<[1996,1996];[1998,1998];[2002,2002];[2007,2007];[2009,2009];[2011,2012];[2014,2014];>"
문(N),문,"<[1996,1996];[2008,2009];[2020,2020];>"
미안(N),미안,"<[1996,1999];[2002,2004];[2008,2008];[2014,2014];>"
거칠(P),거칠,"<[1996,1996];[2007,2007];[2016,2016];>"
밖(N),밖,"<[1996,1997];[1999,1999];[2003,2003];[2005,2005];[2009,2009];[2011,2011];[2015,2015];>"
불만(N),불만,"<[1996,1996];>"
붐(N),붐,"<[1996,1996];>"
치(P),치,"<[1996,1996];[2009,2010];[2012,2014];>"
따(P),따,"<[1996,1996];[2001,2001];>"
망설이(P),망설이,"<[1996,1997];[1999,1999];[2015,2015];>"
삶(N),삶,"<[1996,1996];[2005,2005];[2011,2011];>"
샤바라(N),샤바라,"<[1996,1996];>"
넓(P),넓,"<[1996,1996];[1999,1999];[2003,2003];[2015,2016];>"
소년(N),소년,"<[1996,1996];[2009,2009];>"
찾아내(P),찾아내,"<[1996,1996];[2017,2017];>"
손짓(N),손짓,"<[1996,1996];>"
순간(N),순간,"<[1996,1996];[1998,1999];[2001,2001];[2003,2003];[2010,2013];[2016,2016];[2018,2018];>"
여름(N),여름,"<[1996,1996];[2002,2002];[2017,2020];>"
예(N),예,"<[1996,1996];[1999,1999];[2006,2006];[2010,2010];[2013,2013];>"
예전(N),예전,"<[1996,1996];>"
괜찮(P),괜찮,"<[1996,1996];[1998,1999];[2001,2002];[2004,2004];[2006,2006];[2011,2011];[2015,2015];[2019,2019];>"
요즘(N),요즘,"<[1996,1996];[2013,2013];[2017,2017];>"
용서(N),용서,"<[1996,1996];[2003,2003];>"
피하(P),피하,"<[1996,1996];[2003,2003];>"
책임지(P),책임지,"<[1996,1996];[2010,2010];>"
자유(N),자유,"<[1996,1996];[2006,2006];[2010,2010];>"
잘못(N),잘못,"<[1996,1996];>"
제길(N),제길,"<[1996,1996];>"
키(N),키,"<[1996,1996];[2007,2007];>"
탓(N),탓,"<[1996,1996];>"
패인(N),패인,"<[1996,1996];>"
헤매(N),헤매,"<[1996,1996];>"
훗날(N),훗날,"<[1996,1996];[1998,1998];[2001,2001];[2011,2011];[2020,2020];>"
터지(P),터지,"<[1997,1997];[2007,2009];>"
간직(N),간직,"<[1997,1997];>"
경험(N),경험,"<[1997,1997];>"
대하(P),대하,"<[1997,1997];>"
렇(P),렇,"<[1997,1997];[2003,2003];[2014,2014];>"
막(P),막,"<[1997,1997];[2001,2001];[2006,2007];[2009,2009];[2011,2012];>"
나나(P),나나,"<[1997,1997];[2000,2000];[2004,2005];[2009,2010];[2016,2016];>"
떠나가나(P),떠나가나,"<[1997,1997];>"
말(P),말,"<[1997,1998];[2003,2003];[2008,2009];[2011,2011];[2014,2015];[2017,2017];>"
날개(N),날개,"<[1997,1997];[2000,2000];>"
드(P),드,"<[1997,1997];>"
두렵(P),두렵,"<[1997,1998];>"
라면(N),라면,"<[1997,1997];>"
래(N),래,"<[1997,1997];[2001,2001];[2005,2005];[2013,2013];>"
반한(N),반한,"<[1997,1997];>"
밥(N),밥,"<[1997,1997];[2004,2004];[2007,2007];[2009,2012];>"
먹(P),먹,"<[1997,1997];[1999,1999];[2002,2002];[2007,2007];[2009,2014];[2017,2017];>"
죽(P),죽,"<[1997,1997];[1999,2000];[2003,2004];[2006,2006];[2008,2008];[2010,2013];[2015,2015];[2020,2020];>"
튕기(P),튕기,"<[1997,1997];>"
순(N),순,"<[1997,1997];>"
신경(N),신경,"<[1997,1997];[2001,2001];[2006,2006];[2017,2018];[2020,2020];>"
신부(N),신부,"<[1997,1997];>"
푸르(P),푸르,"<[1997,1997];[1999,1999];[2012,2012];[2015,2015];[2020,2020];>"
얼마(N),얼마,"<[1997,1997];>"
여잘(N),여잘,"<[1997,1997];>"
옆(N),옆,"<[1997,1997];[2011,2013];[2015,2015];[2018,2019];>"
기나길(P),기나길,"<[1997,1997];[2004,2004];[2011,2011];>"
쓰디쓰(P),쓰디쓰,"<[1997,1997];>"
유일(N),유일,"<[1997,1997];>"
인연(N),인연,"<[1997,1997];[2012,2012];>"
일상(N),일상,"<[1997,1997];>"
찌들(P),찌들,"<[1997,1997];>"
준비(N),준비,"<[1997,1997];[2003,2003];[2016,2018];>"
참깨(N),참깨,"<[1997,1997];>"
열리(P),열리,"<[1997,1997];[1999,1999];[2020,2020];>"
춥(P),춥,"<[1997,1997];[2016,2016];[2018,2018];[2020,2020];>"
태양아래(N),태양아래,"<[1997,1997];>"
붉(P),붉,"<[1997,1997];[2008,2008];[2010,2012];>"
폼(N),폼,"<[1997,1997];[1999,1999];>"
가슴안(N),가슴안,"<[1998,1998];>"
달아오르(P),달아오르,"<[1998,1998];[2016,2016];>"
밟(P),밟,"<[1998,1998];[2014,2014];>"
겉모습(N),겉모습,"<[1998,1998];>"
고개(N),고개,"<[1998,1998];[2002,2002];[2004,2004];>"
자르(P),자르,"<[1998,1998];>"
일으키(P),일으키,"<[1998,1998];[2020,2020];>"
들려주(P),들려주,"<[1998,1998];[2020,2020];>"
품(P),품,"<[1998,1998];>"
떠(P),떠,"<[1998,1999];>"
닦(P),닦,"<[1998,1998];[2007,2007];>"
시(P),시,"<[1998,1998];[2009,2009];>"
리듬(N),리듬,"<[1998,1998];[2004,2004];>"
맞추(P),맞추,"<[1998,1998];[2004,2006];[2008,2009];[2014,2017];[2019,2019];>"
즐겁(P),즐겁,"<[1998,1998];[2009,2009];>"
흥겹(P),흥겹,"<[1998,1998];>"
싣(P),싣,"<[1998,1998];[2015,2015];>"
무릎(N),무릎,"<[1998,1998];>"
꿇(P),꿇,"<[1998,1998];>"
대이(P),대이,"<[1998,1998];[2006,2006];[2014,2014];>"
살아가(P),살아가,"<[1998,2000];[2007,2007];[2009,2009];>"
아끼(P),아끼,"<[1998,1998];[2002,2004];>"
채우(P),채우,"<[1998,1998];[2005,2005];[2008,2008];[2013,2013];[2016,2016];>"
새롭(P),새롭,"<[1998,1998];[2012,2012];[2017,2018];>"
물들(P),물들,"<[1998,1998];>"
살아남(P),살아남,"<[1998,1998];>"
열(N),열,"<[1998,1998];[2013,2013];>"
예예예예(N),예예예예,"<[1998,1998];>"
원(N),원,"<[1998,1998];[2002,2003];[2008,2008];[2017,2017];>"
원망(N),원망,"<[1998,1998];>"
의심(N),의심,"<[1998,1998];>"
이유(N),이유,"<[1998,1999];[2006,2006];[2011,2011];[2013,2013];[2018,2019];>"
입술(N),입술,"<[1998,1998];[2002,2002];[2007,2008];[2011,2012];>"
닿(P),닿,"<[1998,1999];[2004,2004];[2018,2019];>"
적(N),적,"<[1998,1999];>"
절대(N),절대,"<[1998,1998];>"
주문(N),주문,"<[1998,1998];[2009,2009];>"
외우(P),외우,"<[1998,1998];>"
차편(N),차편,"<[1998,1998];>"
검(P),검,"<[1998,1998];[2010,2010];>"
테니(N),테니,"<[1998,1998];>"
후회할(N),후회할,"<[1998,1998];>"
높(P),높,"<[1999,1999];[2005,2006];>"
나이(N),나이,"<[1999,1999];>"
푸(P),푸,"<[1999,1999];>"
내품(N),내품,"<[1999,1999];>"
야위(P),야위,"<[1999,1999];>"
니(N),니,"<[1999,1999];>"
드리(P),드리,"<[1999,1999];[2020,2020];>"
머(N),머,"<[1999,1999];>"
떠오르(P),떠오르,"<[1999,1999];[2002,2002];[2012,2012];[2016,2016];[2019,2019];>"
환하(P),환하,"<[1999,1999];[2014,2014];[2020,2020];>"
미워하(P),미워하,"<[1999,1999];>"
미움(N),미움,"<[1999,1999];>"
민(N),민,"<[1999,1999];[2008,2008];>"
고(P),고,"<[1999,1999];[2008,2009];>"
건너(P),건너,"<[1999,1999];[2016,2016];>"
파(P),파,"<[1999,1999];>"
빠밤(N),빠밤,"<[1999,1999];>"
빠(P),빠,"<[1999,1999];[2016,2016];>"
빠쁘(P),빠쁘,"<[1999,1999];>"
사(N),사,"<[1999,1999];[2015,2015];>"
맺(P),맺,"<[1999,1999];>"
사사(N),사사,"<[1999,1999];>"
시집(N),시집,"<[1999,1999];>"
워워워워(P),워워워워,"<[1999,1999];>"
인(P),인,"<[1999,1999];>"
야(N),야,"<[1999,1999];[2009,2009];[2015,2015];[2018,2018];>"
어깨(N),어깨,"<[1999,2000];[2012,2012];>"
윈(N),윈,"<[1999,1999];>"
이야아(N),이야아,"<[1999,1999];>"
인걸(N),인걸,"<[1999,1999];>"
인아(N),인아,"<[1999,1999];>"
진짜(N),진짜,"<[1999,2000];[2012,2012];[2015,2015];>"
집(N),집,"<[1999,1999];[2010,2010];[2012,2012];[2015,2017];>"
가라(N),가라,"<[2000,2000];[2002,2002];[2011,2011];>"
두드리(P),두드리,"<[2000,2000];[2020,2020];>"
소리치(P),소리치,"<[2000,2000];[2009,2009];>"
가슴속(N),가슴속,"<[2000,2000];>"
헤매(P),헤매,"<[2000,2000];>"
바꾸(P),바꾸,"<[2000,2000];>"
거품(N),거품,"<[2000,2000];[2011,2011];>"
트(P),트,"<[2000,2000];>"
그동안(N),그동안,"<[2000,2000];>"
빼앗기(P),빼앗기,"<[2000,2000];>"
나나(N),나나,"<[2000,2001];>"
펴(P),펴,"<[2000,2000];[2004,2004];>"
낼(N),낼,"<[2000,2000];[2005,2005];[2015,2015];>"
멋(N),멋,"<[2000,2000];[2002,2002];[2010,2010];[2019,2019];>"
몸짓(N),몸짓,"<[2000,2000];>"
백(N),백,"<[2000,2000];>"
미치(P),미치,"<[2000,2002];[2004,2010];[2012,2013];[2015,2016];[2019,2019];>"
속이(P),속이,"<[2000,2000];>"
사랑안(N),사랑안,"<[2000,2000];>"
선(N),선,"<[2000,2000];[2018,2018];[2020,2020];>"
세(N),세,"<[2000,2000];[2007,2007];>"
세계(N),세계,"<[2000,2000];[2009,2009];>"
담기(P),담기,"<[2000,2000];>"
소녀(N),소녀,"<[2000,2000];>"
놓(P),놓,"<[2000,2000];[2009,2009];>"
앗(P),앗,"<[2000,2000];>"
잖(P),잖,"<[2000,2000];[2004,2005];>"
악(N),악,"<[2000,2000];[2003,2003];>"
영혼(N),영혼,"<[2000,2000];[2009,2009];>"
울트라(N),울트라,"<[2000,2000];>"
매(P),매,"<[2000,2000];>"
멋지(P),멋지,"<[2000,2000];[2008,2009];>"
이소리(N),이소리,"<[2000,2000];>"
정신(N),정신,"<[2000,2000];[2004,2004];[2010,2010];[2012,2013];[2015,2015];[2018,2018];>"
차리(P),차리,"<[2000,2000];[2004,2004];[2012,2012];[2015,2015];[2018,2018];>"
다가가(P),다가가,"<[2000,2000];[2002,2002];>"
주먹(N),주먹,"<[2000,2000];[2003,2003];>"
지르(P),지르,"<[2000,2000];[2002,2002];[2005,2005];[2011,2011];[2014,2014];[2018,2018];>"
지옥(N),지옥,"<[2000,2000];>"
터(N),터,"<[2000,2000];>"
펀치(N),펀치,"<[2000,2000];>"
흑(N),흑,"<[2000,2000];>"
그녈(N),그녈,"<[2001,2001];[2003,2003];>"
나아(P),나아,"<[2001,2001];>"
마(P),마,"<[2001,2001];[2005,2005];[2012,2012];>"
래(P),래,"<[2001,2001];>"
막을수(N),막을수,"<[2001,2001];>"
만남(N),만남,"<[2001,2001];[2017,2017];>"
가두(P),가두,"<[2001,2001];[2003,2004];[2009,2009];>"
매일(N),매일,"<[2001,2001];>"
낮(P),낮,"<[2001,2001];[2012,2012];>"
바(N),바,"<[2001,2001];[2008,2009];[2011,2011];>"
바래(N),바래,"<[2001,2001];[2008,2008];>"
지키(P),지키,"<[2001,2007];[2014,2014];>"
비너스(N),비너스,"<[2001,2001];>"
삐용(N),삐용,"<[2001,2001];>"
고맙(P),고맙,"<[2001,2001];[2004,2004];[2006,2006];[2008,2008];>"
속삭임(N),속삭임,"<[2001,2001];>"
술(N),술,"<[2001,2001];[2004,2010];[2016,2016];[2018,2019];>"
애(N),애,"<[2001,2003];[2008,2009];[2011,2011];[2015,2015];[2019,2019];>"
엔진(N),엔진,"<[2001,2001];>"
둘(P),둘,"<[2001,2001];>"
키(P),키,"<[2001,2001];>"
우연(N),우연,"<[2001,2001];>"
직(N),직,"<[2001,2001];>"
짜증(N),짜증,"<[2001,2001];[2009,2009];>"
돌아가(P),돌아가,"<[2001,2001];[2006,2006];[2015,2015];[2018,2018];>"
출발(N),출발,"<[2001,2001];>"
커피향(N),커피향,"<[2001,2001];>"
부드럽(P),부드럽,"<[2001,2001];[2009,2009];[2015,2015];>"
혼(N),혼,"<[2001,2001];[2012,2012];[2015,2015];>"
다르(P),다르,"<[2001,2001];[2019,2019];>"
화(N),화,"<[2001,2001];[2004,2004];[2011,2011];>"
환상(N),환상,"<[2001,2001];>"
힙합(N),힙합,"<[2001,2001];>"
가짜(N),가짜,"<[2002,2002];[2016,2016];>"
입(P),입,"<[2002,2002];[2014,2014];>"
걸음(N),걸음,"<[2002,2002];[2005,2005];[2008,2008];[2010,2010];[2019,2019];>"
서두르(P),서두르,"<[2002,2002];>"
가깝(P),가깝,"<[2002,2002];>"
관심(N),관심,"<[2002,2002];[2012,2012];>"
닫(P),닫,"<[2002,2002];[2009,2009];>"
기전(N),기전,"<[2002,2002];>"
비켜(P),비켜,"<[2002,2002];>"
비키(P),비키,"<[2002,2002];[2005,2005];[2010,2010];>"
꼬(N),꼬,"<[2002,2002];>"
난(N),난,"<[2002,2002];[2004,2005];[2020,2020];>"
남자(N),남자,"<[2002,2002];[2004,2004];[2009,2013];>"
나쁘(P),나쁘,"<[2002,2002];[2008,2009];[2011,2013];>"
내안(N),내안,"<[2002,2002];[2004,2004];>"
들어오(P),들어오,"<[2002,2002];>"
냐(N),냐,"<[2002,2002];>"
니맘(N),니맘,"<[2002,2002];>"
훔치(P),훔치,"<[2002,2002];[2012,2013];>"
달나라(N),달나라,"<[2002,2002];>"
도시(N),도시,"<[2002,2002];>"
따(N),따,"<[2002,2002];>"
광내(P),광내,"<[2002,2002];>"
빼(P),빼,"<[2002,2002];[2019,2019];>"
따따(P),따따,"<[2002,2002];>"
어쩌(P),어쩌,"<[2002,2002];[2007,2007];[2013,2013];[2016,2016];>"
숨기(P),숨기,"<[2002,2002];[2008,2008];[2012,2013];>"
매력(N),매력,"<[2002,2002];[2008,2008];[2013,2013];>"
나가(P),나가,"<[2002,2003];[2010,2010];[2014,2015];>"
감싸(P),감싸,"<[2002,2002];>"
물레(N),물레,"<[2002,2002];>"
둥글(P),둥글,"<[2002,2002];[2017,2017];>"
바닷가(N),바닷가,"<[2002,2002];>"
발(N),발,"<[2002,2002];[2008,2008];[2012,2012];[2014,2014];[2017,2017];>"
부족(N),부족,"<[2002,2002];>"
얕(P),얕,"<[2002,2002];>"
어울리(P),어울리,"<[2002,2002];>"
전하(P),전하,"<[2002,2002];[2004,2004];[2019,2019];>"
찾아가(P),찾아가,"<[2002,2002];>"
택하(P),택하,"<[2002,2002];>"
흔들(P),흔들,"<[2002,2002];[2007,2007];[2010,2012];[2014,2014];[2018,2018];>"
시련(N),시련,"<[2002,2002];>"
시절속(N),시절속,"<[2002,2002];>"
신사(N),신사,"<[2002,2002];>"
애인(N),애인,"<[2002,2002];>"
왕년(N),왕년,"<[2002,2002];>"
달려오(P),달려오,"<[2002,2002];>"
우정(N),우정,"<[2002,2002];>"
스며들(P),스며들,"<[2002,2002];>"
챔피언(N),챔피언,"<[2002,2002];>"
코(N),코,"<[2002,2002];[2020,2020];>"
다치(P),다치,"<[2002,2002];[2009,2009];>"
한계(N),한계,"<[2002,2002];>"
뛰어넘(P),뛰어넘,"<[2002,2002];>"
감옥(N),감옥,"<[2003,2003];>"
감정(N),감정,"<[2003,2003];>"
똑같(P),똑같,"<[2003,2003];[2006,2006];>"
게(N),게,"<[2003,2003];>"
결국(N),결국,"<[2003,2003];[2016,2016];>"
고통(N),고통,"<[2003,2003];>"
다지나(P),다지나,"<[2003,2003];>"
달라지(P),달라지,"<[2003,2003];>"
기자기나(N),기자기나,"<[2003,2003];>"
기지(N),기지,"<[2003,2003];>"
잃(P),잃,"<[2003,2003];[2007,2007];[2009,2009];[2019,2019];>"
난대(N),난대,"<[2003,2003];>"
나나나나나(P),나나나나나,"<[2003,2003];>"
남자기(N),남자기,"<[2003,2003];>"
낱말(N),낱말,"<[2003,2003];>"
지니(P),지니,"<[2003,2003];>"
흘리오리(P),흘리오리,"<[2003,2003];>"
덤(N),덤,"<[2003,2003];>"
덤(P),덤,"<[2003,2003];[2020,2020];>"
동네(N),동네,"<[2003,2003];>"
역겹(P),역겹,"<[2003,2003];>"
루(N),루,"<[2003,2003];>"
강남가(P),강남가,"<[2003,2003];>"
룰루(N),룰루,"<[2003,2003];>"
알아주(P),알아주,"<[2003,2003];[2010,2010];>"
만(N),만,"<[2003,2003];[2007,2007];>"
만족(N),만족,"<[2003,2003];>"
놓치(P),놓치,"<[2003,2003];[2014,2014];>"
들어(P),들어,"<[2003,2003];>"
발하리(N),발하리,"<[2003,2003];>"
늦(P),늦,"<[2003,2003];[2012,2012];[2018,2018];>"
끄(P),끄,"<[2003,2003];[2006,2006];[2009,2009];>"
빛이(N),빛이,"<[2003,2003];>"
막히(P),막히,"<[2003,2005];[2009,2011];[2018,2018];>"
심난(N),심난,"<[2003,2003];>"
너(P),너,"<[2003,2003];[2008,2008];[2014,2014];[2018,2018];>"
가리(P),가리,"<[2003,2003];[2006,2006];[2019,2019];>"
기막(P),기막,"<[2003,2003];>"
붉히(P),붉히,"<[2003,2003];[2011,2011];>"
히(P),히,"<[2003,2003];>"
달(P),달,"<[2003,2003];[2009,2009];[2013,2013];[2019,2019];>"
돌아와(P),돌아와,"<[2003,2003];>"
은밤(N),은밤,"<[2003,2003];>"
끝(P),끝,"<[2003,2003];>"
재미(N),재미,"<[2003,2003];>"
전부(N),전부,"<[2003,2003];[2019,2019];>"
제(N),제,"<[2003,2003];>"
주(N),주,"<[2003,2003];[2011,2011];>"
쥐(P),쥐,"<[2003,2003];>"
출(N),출,"<[2003,2003];>"
치키(N),치키,"<[2003,2003];>"
날아오르(P),날아오르,"<[2003,2003];>"
하늘속(N),하늘속,"<[2003,2003];>"
해가(N),해가,"<[2003,2003];>"
가나(P),가나,"<[2003,2003];>"
햇님(N),햇님,"<[2003,2003];>"
떠나서(P),떠나서,"<[2003,2003];>"
희망(N),희망,"<[2003,2003];>"
찢어지(P),찢어지,"<[2004,2004];[2009,2009];>"
건(N),건,"<[2004,2004];[2020,2020];>"
젓(P),젓,"<[2004,2004];[2011,2011];>"
귀걸이(N),귀걸이,"<[2004,2004];>"
기회(N),기회,"<[2004,2004];>"
꿈속(N),꿈속,"<[2004,2005];>"
누(P),누,"<[2004,2004];[2020,2020];>"
내속(N),내속,"<[2004,2004];>"
다리(N),다리,"<[2004,2004];[2008,2008];[2015,2015];>"
맡기(P),맡기,"<[2004,2004];>"
걸리(P),걸리,"<[2004,2004];>"
멀(N),멀,"<[2004,2004];>"
모퉁이(N),모퉁이,"<[2004,2004];>"
몸무게(N),몸무게,"<[2004,2004];>"
놀리(P),놀리,"<[2004,2004];>"
새(P),새,"<[2004,2004];>"
본(N),본,"<[2004,2004];>"
맛(P),맛,"<[2004,2004];>"
부르세(N),부르세,"<[2004,2004];>"
갖(P),갖,"<[2004,2004];[2009,2009];>"
설레(N),설레,"<[2004,2004];>"
끝없(P),끝없,"<[2004,2004];>"
여행(N),여행,"<[2004,2004];[2011,2012];[2018,2018];>"
원하(N),원하,"<[2004,2004];>"
이마음(N),이마음,"<[2004,2004];>"
바쁘(P),바쁘,"<[2004,2004];[2013,2013];>"
좌절(N),좌절,"<[2004,2004];>"
짝사랑(N),짝사랑,"<[2004,2004];>"
못나(P),못나,"<[2004,2007];>"
회전목마(N),회전목마,"<[2004,2004];>"
계절(N),계절,"<[2005,2005];[2013,2013];>"
고백(N),고백,"<[2005,2005];[2012,2012];[2014,2014];>"
건네(P),건네,"<[2005,2005];[2014,2014];>"
꼬마아이(N),꼬마아이,"<[2005,2005];>"
난난나(N),난난나,"<[2005,2005];>"
씻(P),씻,"<[2005,2006];>"
대신(N),대신,"<[2005,2005];[2009,2009];[2012,2012];>"
꺼내(P),꺼내,"<[2005,2005];>"
변(N),변,"<[2005,2005];>"
인하(P),인하,"<[2005,2005];[2007,2007];>"
봄(N),봄,"<[2005,2005];[2012,2015];[2019,2019];>"
비바람(N),비바람,"<[2005,2005];[2011,2011];>"
소릴(N),소릴,"<[2005,2005];>"
높이(P),높이,"<[2005,2005];[2011,2012];[2015,2015];>"
잡아(P),잡아,"<[2005,2005];>"
마시(P),마시,"<[2005,2005];[2007,2010];[2016,2016];[2018,2019];>"
슈퍼맨(N),슈퍼맨,"<[2005,2005];>"
아싸(N),아싸,"<[2005,2005];>"
안부(N),안부,"<[2005,2005];>"
물(P),물,"<[2005,2005];>"
앞길(N),앞길,"<[2005,2005];>"
버티(P),버티,"<[2005,2005];[2007,2008];>"
싸우(P),싸우,"<[2005,2005];>"
입(N),입,"<[2005,2006];[2008,2009];[2015,2017];>"
축복(N),축복,"<[2005,2005];>"
투정(N),투정,"<[2005,2005];>"
부리(P),부리,"<[2005,2005];>"
화장(N),화장,"<[2005,2006];[2014,2014];>"
묻(P),묻,"<[2006,2006];[2010,2010];[2014,2015];[2020,2020];>"
가슴아(N),가슴아,"<[2006,2006];>"
겁(N),겁,"<[2006,2008];[2012,2013];[2015,2016];[2020,2020];>"
이끌(P),이끌,"<[2006,2006];>"
구두(N),구두,"<[2006,2006];>"
신(P),신,"<[2006,2006];>"
던지(P),던지,"<[2006,2006];[2016,2016];>"
돌아보(P),돌아보,"<[2006,2006];>"
내사(N),내사,"<[2006,2006];>"
내색(N),내색,"<[2006,2006];>"
노력(N),노력,"<[2006,2006];[2012,2012];>"
아(P),아,"<[2006,2006];>"
녹(P),녹,"<[2006,2006];[2014,2014];[2017,2017];>"
애타(P),애타,"<[2006,2006];>"
움직이(P),움직이,"<[2006,2006];[2011,2011];>"
마이야(N),마이야,"<[2006,2006];>"
말할순(N),말할순,"<[2006,2006];>"
다주(P),다주,"<[2006,2006];>"
몽(N),몽,"<[2006,2006];>"
부탁(N),부탁,"<[2006,2006];>"
적(P),적,"<[2006,2006];>"
비행기(N),비행기,"<[2006,2006];>"
아려(N),아려,"<[2006,2006];>"
얼간이(N),얼간이,"<[2006,2006];>"
연예인(N),연예인,"<[2006,2006];>"
을(N),을,"<[2006,2006];[2008,2008];>"
이맘(N),이맘,"<[2006,2006];>"
조각(N),조각,"<[2006,2006];>"
하늘위(N),하늘위,"<[2006,2006];>"
눈부시(P),눈부시,"<[2006,2006];>"
호(N),호,"<[2006,2006];[2013,2013];>"
가질수(N),가질수,"<[2007,2007];>"
헛되(P),헛되,"<[2007,2007];>"
희(P),희,"<[2007,2007];>"
노크(N),노크,"<[2007,2007];>"
단(N),단,"<[2007,2007];[2014,2014];>"
독(N),독,"<[2007,2007];>"
돈(N),돈,"<[2007,2007];[2011,2012];[2014,2015];>"
만질수(N),만질수,"<[2007,2007];>"
말할(N),말할,"<[2007,2007];>"
반복(N),반복,"<[2007,2007];>"
방울(N),방울,"<[2007,2007];>"
부르(N),부르,"<[2007,2007];>"
어떻(P),어떻,"<[2007,2008];[2011,2011];[2013,2013];[2016,2016];>"
곱(P),곱,"<[2007,2007];[2020,2020];>"
자(N),자,"<[2007,2007];[2009,2009];>"
신없(P),신없,"<[2007,2007];>"
죄(N),죄,"<[2007,2007];>"
흰구름(N),흰구름,"<[2007,2007];>"
가난(N),가난,"<[2008,2008];>"
구원(N),구원,"<[2008,2008];>"
귀순(N),귀순,"<[2008,2008];>"
네(P),네,"<[2008,2008];>"
가지르(P),가지르,"<[2008,2008];>"
노을(N),노을,"<[2008,2008];>"
누나(N),누나,"<[2008,2008];>"
당장(N),당장,"<[2008,2008];[2020,2020];>"
괴롭히(P),괴롭히,"<[2008,2008];>"
구겨지(P),구겨지,"<[2008,2008];>"
서툴(P),서툴,"<[2008,2008];>"
여리(P),여리,"<[2008,2008];>"
말투(N),말투,"<[2008,2008];>"
고치(P),고치,"<[2008,2008];>"
애태우(P),애태우,"<[2008,2008];>"
할퀴(P),할퀴,"<[2008,2008];>"
머릿결(N),머릿결,"<[2008,2008];>"
뛰놀(P),뛰놀,"<[2008,2008];>"
놀(P),놀,"<[2008,2008];[2012,2012];[2015,2015];[2018,2018];>"
버(N),버,"<[2008,2008];>"
버버(N),버버,"<[2008,2008];>"
뿐(N),뿐,"<[2008,2008];>"
착하(P),착하,"<[2008,2008];>"
줄(P),줄,"<[2008,2008];[2013,2013];[2016,2016];>"
산소(N),산소,"<[2008,2008];>"
뒤지(P),뒤지,"<[2008,2008];>"
모질(P),모질,"<[2008,2008];>"
손길(N),손길,"<[2008,2008];>"
심장(N),심장,"<[2008,2010];[2012,2012];[2016,2016];>"
어깨위(N),어깨위,"<[2008,2008];[2014,2014];>"
내주(P),내주,"<[2008,2008];>"
소용없(P),소용없,"<[2008,2008];>"
인사(N),인사,"<[2008,2008];>"
맛있(P),맛있,"<[2008,2008];>"
찬바람(N),찬바람,"<[2008,2008];>"
티(N),티,"<[2008,2008];[2014,2014];[2020,2020];>"
평생(N),평생,"<[2008,2008];>"
만나나(P),만나나,"<[2009,2009];>"
보이나(P),보이나,"<[2009,2009];>"
펼치(P),펼치,"<[2009,2009];>"
녹이(P),녹이,"<[2009,2009];>"
냉면(N),냉면,"<[2009,2009];>"
찔기(P),찔기,"<[2009,2009];>"
너(N),너,"<[2009,2009];[2012,2012];[2016,2016];[2018,2018];>"
등(N),등,"<[2009,2009];>"
멈출(P),멈출,"<[2009,2009];>"
갈라지(P),갈라지,"<[2009,2009];>"
신나(P),신나,"<[2009,2009];>"
로(N),로,"<[2009,2009];>"
릿(N),릿,"<[2009,2009];>"
마법(N),마법,"<[2009,2009];[2020,2020];>"
설레이(P),설레이,"<[2009,2009];>"
모자라(P),모자라,"<[2009,2009];[2013,2014];>"
무너지(P),무너지,"<[2009,2009];>"
목(N),목,"<[2009,2010];>"
미미(N),미미,"<[2009,2009];>"
병(N),병,"<[2009,2009];>"
걸려들(P),걸려들,"<[2009,2009];>"
부(N),부,"<[2009,2009];>"
사고(N),사고,"<[2009,2009];>"
바치(P),바치,"<[2009,2009];>"
외톨이(N),외톨이,"<[2009,2009];>"
왼손(N),왼손,"<[2009,2009];>"
뻣치(P),뻣치,"<[2009,2009];>"
은(N),은,"<[2009,2009];>"
이야기(N),이야기,"<[2009,2010];[2018,2018];>"
매달리(P),매달리,"<[2009,2009];>"
입가(N),입가,"<[2009,2009];>"
달아나(P),달아나,"<[2009,2009];>"
차(N),차,"<[2009,2009];[2015,2015];>"
치료(N),치료,"<[2009,2009];>"
캔(N),캔,"<[2009,2009];[2017,2017];>"
타타(N),타타,"<[2009,2009];>"
무섭(P),무섭,"<[2009,2009];>"
괴로움(N),괴로움,"<[2010,2010];>"
사무치(P),사무치,"<[2010,2010];>"
파묻히(P),파묻히,"<[2010,2010];>"
나땜(N),나땜,"<[2010,2010];>"
뇌(N),뇌,"<[2010,2010];>"
차오르(P),차오르,"<[2010,2011];>"
헤프(P),헤프,"<[2010,2010];>"
달빛(N),달빛,"<[2010,2010];[2012,2012];>"
들리(P),들리,"<[2010,2010];[2012,2013];[2018,2018];>"
웃기(P),웃기,"<[2010,2010];[2016,2016];>"
멍(N),멍,"<[2010,2010];>"
때리(P),때리,"<[2010,2010];>"
외치(P),외치,"<[2010,2010];>"
몸매(N),몸매,"<[2010,2010];>"
물(N),물,"<[2010,2010];>"
묶이(P),묶이,"<[2010,2010];>"
박수(N),박수,"<[2010,2010];>"
법(N),법,"<[2010,2010];>"
별빛(N),별빛,"<[2010,2010];[2016,2016];[2019,2019];>"
빠빠(N),빠빠,"<[2010,2010];>"
빼리(P),빼리,"<[2010,2010];>"
삐오(N),삐오,"<[2010,2010];>"
배우(P),배우,"<[2010,2010];>"
아틸리싸이(N),아틸리싸이,"<[2010,2010];>"
어머어(N),어머어,"<[2010,2010];>"
놀라(P),놀라,"<[2010,2010];>"
엉덩일(N),엉덩일,"<[2010,2010];>"
온몸(N),온몸,"<[2010,2010];>"
주위(N),주위,"<[2010,2010];>"
서성거리(P),서성거리,"<[2010,2010];>"
한잔(N),한잔,"<[2010,2010];[2018,2018];>"
커지(P),커지,"<[2011,2012];>"
괘(N),괘,"<[2011,2011];>"
구(N),구,"<[2011,2011];[2019,2019];>"
속(P),속,"<[2011,2011];>"
달려보(P),달려보,"<[2011,2011];>"
만(P),만,"<[2011,2011];>"
리(P),리,"<[2011,2011];>"
남잔(N),남잔,"<[2011,2011];>"
깔리(P),깔리,"<[2011,2011];>"
내꺼(N),내꺼,"<[2011,2011];[2014,2014];>"
노(N),노,"<[2011,2011];>"
춤추(P),춤추,"<[2011,2011];[2019,2019];>"
따갑(P),따갑,"<[2011,2011];>"
물나(P),물나,"<[2011,2011];>"
찌푸리(P),찌푸리,"<[2011,2011];[2017,2017];>"
단점(N),단점,"<[2011,2011];>"
세(P),세,"<[2011,2011];[2015,2015];>"
달빛아래(N),달빛아래,"<[2011,2011];>"
라랄라(N),라랄라,"<[2011,2011];[2018,2018];>"
랄(N),랄,"<[2011,2011];>"
막걸리(N),막걸리,"<[2011,2011];>"
람나(P),람나,"<[2011,2011];>"
반말(N),반말,"<[2011,2011];>"
타오르(P),타오르,"<[2011,2011];>"
볼륨(N),볼륨,"<[2011,2011];>"
사이(N),사이,"<[2011,2011];[2013,2014];[2016,2016];>"
설명(N),설명,"<[2011,2011];>"
셔츠(N),셔츠,"<[2011,2011];>"
손목(N),손목,"<[2011,2011];>"
끌(P),끌,"<[2011,2011];[2019,2019];>"
쇼(N),쇼,"<[2011,2011];>"
슈비두바(N),슈비두바,"<[2011,2011];>"
빠빠쁘(P),빠빠쁘,"<[2011,2011];>"
아깝(P),아깝,"<[2011,2011];>"
심술(N),심술,"<[2011,2011];>"
아메리카(N),아메리카,"<[2011,2011];>"
압(N),압,"<[2011,2011];>"
뒤돌(P),뒤돌,"<[2011,2011];>"
얼음(N),얼음,"<[2011,2011];>"
와(N),와,"<[2011,2011];[2017,2017];>"
끌리(P),끌리,"<[2011,2011];[2014,2014];[2020,2020];>"
다투(P),다투,"<[2011,2011];>"
편하(P),편하,"<[2011,2011];[2014,2015];[2017,2017];>"
재(N),재,"<[2011,2011];>"
재수(N),재수,"<[2011,2011];>"
정(N),정,"<[2011,2011];[2015,2015];>"
정적(N),정적,"<[2011,2011];>"
조립(N),조립,"<[2011,2011];>"
카페(N),카페,"<[2011,2011];>"
템포(N),템포,"<[2011,2011];>"
올리(P),올리,"<[2011,2011];[2015,2015];>"
한참(N),한참,"<[2011,2011];[2014,2014];>"
가까이(N),가까이,"<[2012,2013];>"
가요(N),가요,"<[2012,2012];>"
각(N),각,"<[2012,2012];>"
생(P),생,"<[2012,2012];>"
어떡(P),어떡,"<[2012,2012];>"
퍼지(P),퍼지,"<[2012,2012];>"
거지(N),거지,"<[2012,2012];>"
끈(N),끈,"<[2012,2012];>"
나혼자(N),나혼자,"<[2012,2012];>"
설레(P),설레,"<[2012,2012];[2020,2020];>"
띄잖(P),띄잖,"<[2012,2012];>"
드라마(N),드라마,"<[2012,2012];>"
때매(N),때매,"<[2012,2012];>"
뜨거(N),뜨거,"<[2012,2012];>"
뜬구름(N),뜬구름,"<[2012,2012];>"
세우(P),세우,"<[2012,2012];>"
이러(P),이러,"<[2012,2012];>"
뺏(P),뺏,"<[2012,2012];>"
문자(N),문자,"<[2012,2013];>"
바늘(N),바늘,"<[2012,2012];>"
일어나(P),일어나,"<[2012,2012];[2018,2018];>"
짚(P),짚,"<[2012,2012];>"
벚꽃(N),벚꽃,"<[2012,2012];[2014,2014];>"
흩날리(P),흩날리,"<[2012,2012];>"
베일(N),베일,"<[2012,2012];>"
싸이(P),싸이,"<[2012,2012];>"
봄바람(N),봄바람,"<[2012,2012];>"
휘날리(P),휘날리,"<[2012,2012];>"
그치(P),그치,"<[2012,2012];>"
소나기(N),소나기,"<[2012,2012];[2017,2017];>"
멍들(P),멍들,"<[2012,2012];>"
술담배(N),술담배,"<[2012,2012];>"
끊(P),끊,"<[2012,2012];>"
스커트(N),스커트,"<[2012,2013];>"
스틱(N),스틱,"<[2012,2012];>"
길들이(P),길들이,"<[2012,2012];>"
시계(N),시계,"<[2012,2012];[2016,2016];>"
찌르(P),찌르,"<[2012,2012];[2014,2014];>"
아래(N),아래,"<[2012,2012];>"
들어가(P),들어가,"<[2012,2012];>"
처지(P),처지,"<[2012,2012];>"
어머어머(N),어머어머,"<[2012,2012];>"
재미나(P),재미나,"<[2012,2012];>"
완벽(N),완벽,"<[2012,2012];>"
용(N),용,"<[2012,2012];>"
따라오(P),따라오,"<[2012,2012];>"
내보(P),내보,"<[2012,2012];>"
위험(N),위험,"<[2012,2012];>"
인기(N),인기,"<[2012,2012];>"
잎(N),잎,"<[2012,2012];>"
적금(N),적금,"<[2012,2012];>"
쪼개(P),쪼개,"<[2012,2012];>"
좌우(N),좌우,"<[2012,2012];>"
주머닐(N),주머닐,"<[2012,2012];>"
털(P),털,"<[2012,2012];>"
직업(N),직업,"<[2012,2012];>"
진(N),진,"<[2012,2012];>"
짜(P),짜,"<[2012,2012];>"
진심(N),진심,"<[2012,2013];[2016,2016];[2018,2019];>"
초침(N),초침,"<[2012,2012];>"
톱니바퀴(N),톱니바퀴,"<[2012,2012];>"
내려가(P),내려가,"<[2012,2012];>"
피부(N),피부,"<[2012,2012];>"
걸어(P),걸어,"<[2012,2012];>"
휘파람(N),휘파람,"<[2012,2012];>"
시리(P),시리,"<[2013,2013];>"
바뀌(P),바뀌,"<[2013,2013];>"
기대(N),기대,"<[2013,2013];[2015,2015];>"
남잘(N),남잘,"<[2013,2013];>"
넘실거리(P),넘실거리,"<[2013,2013];>"
닳(P),닳,"<[2013,2013];>"
치리(P),치리,"<[2013,2013];>"
담(N),담,"<[2013,2013];>"
답장(N),답장,"<[2013,2013];>"
댈(N),댈,"<[2013,2013];[2020,2020];>"
동(N),동,"<[2013,2013];>"
둡(N),둡,"<[2013,2013];>"
랄라라(N),랄라라,"<[2013,2013];>"
랩(N),랩,"<[2013,2013];[2015,2015];>"
림(N),림,"<[2013,2013];>"
기다(P),기다,"<[2013,2013];>"
슬(P),슬,"<[2013,2013];[2018,2018];>"
마디(N),마디,"<[2013,2013];>"
말리(P),말리,"<[2013,2013];>"
생기(P),생기,"<[2013,2013];>"
며칠(N),며칠,"<[2013,2013];>"
들려오(P),들려오,"<[2013,2013];>"
발버둥(N),발버둥,"<[2013,2013];>"
벽(N),벽,"<[2013,2013];>"
뚫(P),뚫,"<[2013,2013];>"
자라나(P),자라나,"<[2013,2013];>"
분위기(N),분위기,"<[2013,2014];>"
뺨(N),뺨,"<[2013,2013];>"
나누(P),나누,"<[2013,2013];[2018,2018];>"
새빨갛(P),새빨갛,"<[2013,2013];>"
사실(N),사실,"<[2013,2013];>"
상관(N),상관,"<[2013,2013];>"
샤워(N),샤워,"<[2013,2013];>"
웁(P),웁,"<[2013,2013];>"
잡히(P),잡히,"<[2013,2013];>"
숟가락(N),숟가락,"<[2013,2013];>"
멎(P),멎,"<[2013,2013];[2020,2020];>"
랑가모르(P),랑가모르,"<[2013,2013];>"
언덕(N),언덕,"<[2013,2013];>"
저물(P),저물,"<[2013,2013];>"
연애(N),연애,"<[2013,2013];>"
워워(P),워워,"<[2013,2013];>"
원래(N),원래,"<[2013,2013];[2019,2019];>"
점핑(N),점핑,"<[2013,2013];>"
종일(N),종일,"<[2013,2013];>"
짝(N),짝,"<[2013,2013];>"
차려(N),차려,"<[2013,2013];>"
치마(N),치마,"<[2013,2014];>"
콩떡(N),콩떡,"<[2013,2013];>"
퍼(N),퍼,"<[2013,2013];[2018,2018];>"
엉(P),엉,"<[2013,2013];>"
호옹(N),호옹,"<[2013,2013];>"
무디(P),무디,"<[2014,2014];>"
생각나(P),생각나,"<[2014,2014];>"
거닐(P),거닐,"<[2014,2014];[2018,2018];>"
김말(N),김말,"<[2014,2014];>"
끼(N),끼,"<[2014,2014];>"
날씨(N),날씨,"<[2014,2014];>"
냄새(N),냄새,"<[2014,2014];>"
넋(N),넋,"<[2014,2014];>"
녹(N),녹,"<[2014,2014];>"
고이(P),고이,"<[2014,2014];>"
눈치(N),눈치,"<[2014,2014];>"
니꺼(N),니꺼,"<[2014,2014];>"
단발머리(N),단발머리,"<[2014,2014];>"
딜(N),딜,"<[2014,2014];>"
견(P),견,"<[2014,2014];>"
떡볶이(N),떡볶이,"<[2014,2014];>"
맵(P),맵,"<[2014,2014];>"
라라라(N),라라라,"<[2014,2014];>"
랄라랄(N),랄라랄,"<[2014,2014];>"
랄랄라(N),랄랄라,"<[2014,2014];>"
레드(N),레드,"<[2014,2014];>"
손대(P),손대,"<[2014,2014];>"
맹세(N),맹세,"<[2014,2014];>"
명수(N),명수,"<[2014,2014];>"
비치(P),비치,"<[2014,2014];>"
보름달(N),보름달,"<[2014,2014];>"
되돌리(P),되돌리,"<[2014,2014];>"
신촌(N),신촌,"<[2014,2014];>"
들리나(P),들리나,"<[2014,2014];>"
빌(P),빌,"<[2014,2014];[2016,2016];[2020,2020];>"
오리새끼(N),오리새끼,"<[2014,2014];>"
외모(N),외모,"<[2014,2014];>"
인적(N),인적,"<[2014,2014];>"
작품(N),작품,"<[2014,2014];>"
촉(N),촉,"<[2014,2014];>"
찔리(P),찔리,"<[2014,2014];>"
침대(N),침대,"<[2014,2014];>"
팔(N),팔,"<[2014,2014];>"
팝(N),팝,"<[2014,2014];>"
허(N),허,"<[2014,2014];>"
가드(N),가드,"<[2015,2015];>"
터(P),터,"<[2015,2015];>"
끝장(N),끝장,"<[2015,2015];>"
쩔(P),쩔,"<[2015,2015];>"
떼(P),떼,"<[2015,2015];>"
데려가(P),데려가,"<[2015,2015];>"
벌(P),벌,"<[2015,2015];[2019,2019];>"
다운(N),다운,"<[2015,2015];>"
답(P),답,"<[2015,2015];>"
답(N),답,"<[2015,2015];[2018,2018];>"
대접(N),대접,"<[2015,2015];>"
몰(N),몰,"<[2015,2015];>"
무리(N),무리,"<[2015,2015];>"
바가지(N),바가지,"<[2015,2015];>"
반(N),반,"<[2015,2015];>"
비잉(N),비잉,"<[2015,2015];>"
쏟(P),쏟,"<[2015,2015];>"
걸어가(P),걸어가,"<[2015,2015];>"
사달(N),사달,"<[2015,2015];>"
랗(P),랗,"<[2015,2015];>"
스타일(N),스타일,"<[2015,2015];>"
싸가지(N),싸가지,"<[2015,2015];>"
쐐(N),쐐,"<[2015,2015];>"
쓰레기(N),쓰레기,"<[2015,2015];>"
더럽(P),더럽,"<[2015,2015];>"
아가씨(N),아가씨,"<[2015,2015];>"
안달(N),안달,"<[2015,2015];>"
양아치(N),양아치,"<[2015,2015];>"
에(N),에,"<[2015,2015];>"
여우(N),여우,"<[2015,2015];[2017,2017];>"
가질꺼(P),가질꺼,"<[2015,2015];>"
홀리(P),홀리,"<[2015,2015];>"
떠올리(P),떠올리,"<[2015,2015];>"
오빠(N),오빠,"<[2015,2015];>"
데리(P),데리,"<[2015,2015];>"
뽑(P),뽑,"<[2015,2015];>"
완전(N),완전,"<[2015,2015];>"
잔(N),잔,"<[2015,2015];[2018,2019];>"
저격(N),저격,"<[2015,2015];>"
짓(N),짓,"<[2015,2015];>"
취향(N),취향,"<[2015,2015];>"
그림(N),그림,"<[2016,2016];[2020,2020];>"
저쩌(P),저쩌,"<[2016,2016];>"
합(P),합,"<[2016,2016];>"
로맨스(N),로맨스,"<[2016,2016];>"
오그라들(P),오그라들,"<[2016,2016];>"
바탕(N),바탕,"<[2016,2016];>"
새우(P),새우,"<[2016,2016];>"
좁(P),좁,"<[2016,2016];>"
별거(N),별거,"<[2016,2016];>"
본능(N),본능,"<[2016,2016];>"
깨우(P),깨우,"<[2016,2016];>"
태우(P),태우,"<[2016,2016];>"
빠라바(N),빠라바,"<[2016,2016];>"
사치(N),사치,"<[2016,2016];>"
우주(N),우주,"<[2016,2016];>"
천장(N),천장,"<[2016,2016];>"
칸(N),칸,"<[2016,2016];>"
커피(N),커피,"<[2016,2016];>"
상관없(P),상관없,"<[2016,2016];>"
가시(N),가시,"<[2017,2017];>"
커다랗(P),커다랗,"<[2017,2017];>"
덕분(N),덕분,"<[2017,2017];>"
되돌아가(P),되돌아가,"<[2017,2017];>"
로베리(N),로베리,"<[2017,2017];>"
깨물(P),깨물,"<[2017,2017];>"
맛(N),맛,"<[2017,2017];[2019,2019];>"
먼지(N),먼지,"<[2017,2017];>"
헤(P),헤,"<[2017,2017];>"
별도(N),별도,"<[2017,2017];>"
빠(N),빠,"<[2017,2017];>"
뿜(P),뿜,"<[2017,2017];>"
빠이빠이빠(N),빠이빠이빠,"<[2017,2017];>"
뿜빠(N),뿜빠,"<[2017,2017];>"
생선(N),생선,"<[2017,2017];>"
샵(N),샵,"<[2017,2017];>"
선물(N),선물,"<[2017,2017];>"
스트(N),스트,"<[2017,2017];>"
식사(N),식사,"<[2017,2017];>"
식탁(N),식탁,"<[2017,2017];>"
오오오(N),오오오,"<[2017,2017];>"
옷(N),옷,"<[2017,2017];>"
꼬라(P),꼬라,"<[2017,2017];>"
자신감(N),자신감,"<[2017,2017];>"
정도(N),정도,"<[2017,2017];>"
나이(P),나이,"<[2017,2017];>"
코너(N),코너,"<[2017,2017];>"
판(N),판,"<[2017,2017];>"
가볍(P),가볍,"<[2017,2017];>"
패턴(N),패턴,"<[2017,2017];>"
피(N),피,"<[2017,2017];>"
한때(N),한때,"<[2017,2017];>"
빚(P),빚,"<[2018,2018];>"
덥(P),덥,"<[2018,2018];>"
피우(P),피우,"<[2018,2018];>"
내버리(P),내버리,"<[2018,2018];>"
짙(P),짙,"<[2018,2018];>"
발끝(N),발끝,"<[2018,2018];>"
뿜뿜(P),뿜뿜,"<[2018,2018];>"
발자국(N),발자국,"<[2018,2018];>"
거리(P),거리,"<[2018,2018];>"
버튼(N),버튼,"<[2018,2018];>"
켜주(P),켜주,"<[2018,2018];>"
셀테(N),셀테,"<[2018,2018];>"
넘어오(P),넘어오,"<[2018,2018];>"
솔(N),솔,"<[2018,2018];>"
엉덩이(N),엉덩이,"<[2018,2018];>"
영수증(N),영수증,"<[2018,2018];>"
챙기(P),챙기,"<[2018,2018];>"
오랜만(N),오랜만,"<[2018,2018];>"
인형(N),인형,"<[2018,2018];>"
비우(P),비우,"<[2018,2018];>"
존심(N),존심,"<[2018,2018];>"
중심(N),중심,"<[2018,2018];>"
한방(N),한방,"<[2018,2018];>"
붙(P),붙,"<[2019,2019];>"
꾀꼬리(N),꾀꼬리,"<[2019,2019];>"
갑(P),갑,"<[2019,2019];>"
띵하(P),띵하,"<[2019,2019];>"
멜로(N),멜로,"<[2019,2019];>"
배(N),배,"<[2019,2019];>"
사랑이(N),사랑이,"<[2019,2019];>"
상황(N),상황,"<[2019,2019];>"
심청(N),심청,"<[2019,2019];>"
가녀리(P),가녀리,"<[2019,2019];>"
연락(N),연락,"<[2019,2019];>"
옥상(N),옥상,"<[2019,2019];>"
걸터앉(P),걸터앉,"<[2019,2019];>"
저녁노을(N),저녁노을,"<[2019,2019];>"
클럽(N),클럽,"<[2019,2019];>"
폭죽(N),폭죽,"<[2019,2019];>"
터트리(P),터트리,"<[2019,2019];>"
틀(P),틀,"<[2020,2020];>"
눈누(P),눈누,"<[2020,2020];>"
찌(P),찌,"<[2020,2020];>"
내사랑(N),내사랑,"<[2020,2020];>"
누난(N),누난,"<[2020,2020];>"
지내(P),지내,"<[2020,2020];>"
물보라(N),물보라,"<[2020,2020];>"
밤바(N),밤바,"<[2020,2020];>"
찐(P),찐,"<[2020,2020];>"
뻗(P),뻗,"<[2020,2020];>"
앉(P),앉,"<[2020,2020];>"
쏠(N),쏠,"<[2020,2020];>"
쏠리(P),쏠리,"<[2020,2020];>"
월(N),월,"<[2020,2020];>"
칼바람(N),칼바람,"<[2020,2020];>"
함성(N),함성,"<[2020,2020];>"
회상(N),회상,"<[2020,2020];>"
