,ratio,ratio,ratio,ratio,ratio,ratio,ratio,ratio,ratio,ratio,ratio,ratio,ratio,ratio,ratio,ratio,ratio,ratio,ratio,ratio,ratio,ratio,ratio,ratio,ratio,ratio,ratio,ratio,ratio,ratio,ratio,ratio,ratio,ratio,ratio,ratio,ratio,ratio,ratio,ratio,ratio,ratio,ratio,ratio,ratio,ratio,ratio,ratio,ratio,ratio,ratio,ratio,ratio,ratio,ratio,ratio,ratio,ratio,ratio,ratio,ratio,ratio,ratio,ratio,ratio,ratio,ratio,ratio,ratio,ratio,ratio,ratio,ratio,ratio,ratio,ratio,ratio,ratio,ratio,ratio,ratio,ratio,ratio,ratio,ratio,ratio,ratio,ratio,ratio,ratio,ratio,ratio,ratio,ratio,ratio,ratio,ratio,ratio,ratio,ratio
word,가슴,갈바람,감수광,곁,고등어,곳,과수원,광구,귀순,그때,기억,길,꽃순,꾀꼬리,꿈,끝,나성,낙엽속,날,남자,남자기,내음새,냉면,너무,노래,눈,눈물,님,두밥,디기디,때,떡볶이,루뚜,마도로스,마음,막걸리,말,맘,모모,모습,목화밭,물레돈다,물보라,미안,밀익,바람,바보,바야,바윗돌,밤,밭이,번지,범띠,비야,사람,사랑,사촌,살짜기,생각,석류,세상,속,손,쇼킹,순간,시간,시골길,앞,얘기,얼굴,여자,여자지,영맨,오늘,원더플,이별,이제,인아,일,일루,저격,점핑,젖네,조개잡이,종이학,챔피언,처음,추억,치키,친구,키다리,트위스트,품파,풍문,하늘,하루,행복,헬로,혼자,황포
year,,,,,,,,,,,,,,,,,,,,,,,,,,,,,,,,,,,,,,,,,,,,,,,,,,,,,,,,,,,,,,,,,,,,,,,,,,,,,,,,,,,,,,,,,,,,,,,,,,,,
1964,0.5263157894736842,0.0,0.0,0.0,0.0,0.05263157894736842,0.0,0.0,0.0,0.0,0.0,0.21052631578947367,0.0,0.0,0.15789473684210525,0.0,0.0,0.0,0.2631578947368421,0.0,0.0,0.0,0.0,0.0,0.10526315789473684,0.3157894736842105,0.15789473684210525,0.21052631578947367,0.0,0.0,0.3157894736842105,0.0,0.0,0.42105263157894735,0.47368421052631576,0.0,0.3157894736842105,0.0,0.0,0.21052631578947367,0.0,0.0,0.0,0.0,0.0,0.10526315789473684,0.0,0.0,0.0,0.631578947368421,0.0,0.21052631578947367,0.0,0.0,0.10526315789473684,0.5789473684210527,0.0,0.0,0.0,0.0,0.0,0.3684210526315789,0.0,0.0,0.05263157894736842,0.0,0.0,0.0,0.0,0.3157894736842105,0.0,0.0,0.0,0.05263157894736842,0.0,0.10526315789473684,0.0,0.0,0.3157894736842105,0.0,0.0,0.0,0.0,0.0,0.0,0.0,0.05263157894736842,0.05263157894736842,0.0,0.0,0.0,0.0,0.0,0.0,0.2631578947368421,0.10526315789473684,0.0,0.0,0.10526315789473684,0.0
1965,0.5,0.0,0.0,0.0,0.0,0.0,0.0,0.0,0.0,0.0,0.0,0.3,0.0,0.0,0.6,0.1,0.0,0.0,0.2,0.0,0.0,0.2,0.0,0.0,0.2,0.1,0.1,0.3,0.0,0.0,0.4,0.0,0.0,0.0,1.3,0.0,0.3,0.0,0.0,0.1,0.0,0.0,0.0,0.0,0.2,0.1,0.0,0.0,0.0,0.0,0.0,0.0,0.0,0.0,0.2,0.4,0.0,0.0,0.0,0.0,0.4,0.0,0.2,0.0,0.0,0.0,0.0,0.1,0.0,0.1,0.0,0.0,0.0,0.3,0.2,0.0,0.0,0.0,0.1,0.0,0.0,0.0,0.2,0.3,0.0,0.0,0.0,0.0,0.0,0.0,0.0,0.0,0.0,0.0,0.2,0.0,0.1,0.0,0.0,0.2
1966,0.5833333333333334,0.0,0.0,0.0,0.0,0.041666666666666664,0.0,0.0,0.0,0.0,0.0,0.4166666666666667,0.0,0.0,0.375,0.0,0.0,0.0,0.20833333333333334,0.16666666666666666,0.0,0.0,0.0,0.0,0.125,0.125,0.375,0.16666666666666666,0.0,0.0,0.375,0.0,0.0,0.0,0.4583333333333333,0.0,0.375,0.0,0.0,0.041666666666666664,0.0,0.0,0.0,0.0,0.0,0.08333333333333333,0.0,0.0,0.0,0.6666666666666666,0.0,0.0,0.0,0.0,0.25,1.0416666666666667,0.0,0.3333333333333333,0.125,0.0,0.16666666666666666,0.125,0.2916666666666667,0.0,0.041666666666666664,0.0,0.0,0.0,0.0,0.041666666666666664,0.08333333333333333,0.0,0.0,0.0,0.0,0.0,0.0,0.0,0.0,0.0,0.0,0.0,0.0,0.0,0.0,0.0,0.0,0.08333333333333333,0.0,0.0,0.16666666666666666,0.25,0.0,0.0,0.25,0.0,0.041666666666666664,0.0,0.16666666666666666,0.0
1967,0.2571428571428571,0.0,0.0,0.0,0.0,0.0,0.0,0.0,0.0,0.0,0.0,0.34285714285714286,0.0,0.02857142857142857,0.0,0.0,0.0,0.0,0.2571428571428571,0.0,0.0,0.0,0.0,0.0,0.08571428571428572,0.2,0.08571428571428572,0.14285714285714285,0.0,0.0,0.34285714285714286,0.0,0.0,0.0,1.2571428571428571,0.0,0.5714285714285714,0.02857142857142857,0.0,0.02857142857142857,0.0,0.0,0.0,0.0,0.0,0.02857142857142857,0.17142857142857143,0.0,0.0,0.08571428571428572,0.0,0.0,0.0,0.0,0.6285714285714286,2.3142857142857145,0.0,0.0,0.11428571428571428,0.0,0.0,0.14285714285714285,0.0,0.0,0.08571428571428572,0.11428571428571428,0.0,0.05714285714285714,0.0,0.2571428571428571,0.3142857142857143,0.2,0.0,0.08571428571428572,0.0,0.0,0.0,0.0,0.17142857142857143,0.0,0.0,0.0,0.0,0.0,0.0,0.0,0.0,0.11428571428571428,0.0,0.0,0.0,0.0,0.0,0.0,0.11428571428571428,0.0,0.02857142857142857,0.0,0.05714285714285714,0.0
1968,0.5,0.0,0.0,0.0,0.0,0.038461538461538464,0.0,0.0,0.0,0.0,0.0,0.6153846153846154,0.0,0.0,0.38461538461538464,0.0,0.0,0.0,0.19230769230769232,0.038461538461538464,0.0,0.0,0.0,0.0,0.07692307692307693,0.19230769230769232,0.19230769230769232,0.34615384615384615,0.0,0.0,0.15384615384615385,0.0,0.0,0.0,0.8461538461538461,0.0,0.038461538461538464,0.0,0.0,0.07692307692307693,0.0,0.0,0.0,0.0,0.0,0.11538461538461539,0.0,0.0,0.0,0.38461538461538464,0.0,0.0,0.0,0.0,0.46153846153846156,1.2692307692307692,0.0,0.0,0.15384615384615385,0.0,0.07692307692307693,0.19230769230769232,0.0,0.0,0.038461538461538464,0.0,0.0,0.11538461538461539,0.0,0.23076923076923078,0.23076923076923078,0.0,0.0,0.038461538461538464,0.0,0.0,0.0,0.0,0.07692307692307693,0.0,0.0,0.0,0.0,0.0,0.0,0.0,0.0,0.11538461538461539,0.0,0.0,0.0,0.0,0.0,0.0,0.07692307692307693,0.0,0.038461538461538464,0.0,0.038461538461538464,0.0
1969,0.6333333333333333,0.0,0.0,0.1,0.0,0.23333333333333334,0.0,0.0,0.0,0.06666666666666667,0.0,0.43333333333333335,0.0,0.0,0.23333333333333334,0.0,0.0,0.0,0.36666666666666664,0.0,0.0,0.0,0.0,0.0,0.1,0.03333333333333333,0.7,0.6333333333333333,0.0,0.0,0.36666666666666664,0.0,0.0,0.0,0.36666666666666664,0.0,0.3,0.0,0.0,0.0,0.0,0.0,0.0,0.0,0.0,0.16666666666666666,0.0,0.0,0.0,0.23333333333333334,0.0,0.0,0.0,0.0,1.1333333333333333,2.4,0.0,0.0,0.3,0.2,0.03333333333333333,0.26666666666666666,0.03333333333333333,0.0,0.0,0.0,0.0,0.0,0.0,0.13333333333333333,0.03333333333333333,0.0,0.0,0.1,0.0,0.06666666666666667,0.23333333333333334,0.0,0.06666666666666667,0.0,0.0,0.0,0.0,0.0,0.0,0.0,0.06666666666666667,0.06666666666666667,0.0,0.03333333333333333,0.0,0.0,0.0,0.0,0.13333333333333333,0.0,0.2,0.0,0.26666666666666666,0.0
1970,0.2857142857142857,0.0,0.0,0.047619047619047616,0.0,0.0,0.0,0.0,0.0,0.0,0.09523809523809523,0.5714285714285714,0.0,0.0,0.09523809523809523,0.0,0.0,0.0,0.2857142857142857,0.0,0.0,0.0,0.0,0.0,0.14285714285714285,0.19047619047619047,0.38095238095238093,0.09523809523809523,0.0,0.0,0.2857142857142857,0.0,0.0,0.0,0.9523809523809523,0.0,0.23809523809523808,0.19047619047619047,0.0,0.0,0.0,0.0,0.0,0.0,0.0,0.09523809523809523,0.5714285714285714,0.0,0.0,0.23809523809523808,0.0,0.0,0.42857142857142855,0.0,0.8095238095238095,1.9047619047619047,0.0,0.0,0.14285714285714285,0.0,0.047619047619047616,0.14285714285714285,0.0,0.0,0.0,0.0,0.0,0.0,0.19047619047619047,0.09523809523809523,0.0,0.0,0.0,0.0,0.0,0.0,0.047619047619047616,0.0,0.0,0.0,0.0,0.0,0.0,0.0,0.0,0.0,0.0,0.047619047619047616,0.0,0.0,0.0,0.0,0.0,0.0,0.09523809523809523,0.0,0.14285714285714285,0.0,0.0,0.0
1971,0.34615384615384615,0.0,0.0,0.07692307692307693,0.0,0.23076923076923078,0.0,0.0,0.0,0.0,0.0,0.19230769230769232,0.0,0.0,0.46153846153846156,0.15384615384615385,0.0,0.0,0.19230769230769232,0.0,0.0,0.0,0.0,0.0,0.038461538461538464,0.23076923076923078,0.3076923076923077,0.5384615384615384,0.0,0.0,0.038461538461538464,0.0,0.0,0.0,0.46153846153846156,0.0,0.34615384615384615,0.0,0.0,0.0,0.0,0.0,0.0,0.0,0.0,0.2692307692307692,0.0,0.0,0.0,0.3076923076923077,0.0,0.0,0.0,0.8076923076923077,0.6153846153846154,1.3461538461538463,0.0,0.0,0.15384615384615385,0.0,0.0,0.038461538461538464,0.38461538461538464,0.0,0.11538461538461539,0.038461538461538464,0.0,0.0,0.0,0.2692307692307692,0.0,0.0,0.0,0.11538461538461539,0.0,0.19230769230769232,0.15384615384615385,0.0,0.0,0.0,0.0,0.0,0.0,0.0,0.0,0.0,0.0,0.07692307692307693,0.0,0.0,0.0,0.0,0.0,0.0,0.23076923076923078,0.0,0.11538461538461539,0.0,0.0,0.0
1972,0.05128205128205128,0.0,0.0,0.10256410256410256,0.0,0.0,0.0,0.0,0.0,0.0,0.0,0.3333333333333333,0.0,0.0,0.15384615384615385,0.07692307692307693,0.0,0.0,0.2564102564102564,0.0,0.0,0.0,0.0,0.0,0.1794871794871795,0.15384615384615385,0.10256410256410256,0.6410256410256411,0.0,0.0,0.5897435897435898,0.0,0.0,0.0,0.23076923076923078,0.0,0.5897435897435898,0.2564102564102564,0.0,0.07692307692307693,0.0,0.0,0.0,0.0,0.0,0.28205128205128205,0.1282051282051282,0.0,0.0,0.28205128205128205,0.0,0.0,0.0,0.0,0.3076923076923077,1.1538461538461537,0.0,0.0,0.3333333333333333,0.0,0.05128205128205128,0.07692307692307693,0.1794871794871795,0.0,0.05128205128205128,0.0,0.0,0.02564102564102564,0.05128205128205128,0.07692307692307693,0.0,0.0,0.0,0.05128205128205128,0.0,0.0,0.02564102564102564,0.0,0.1794871794871795,0.0,0.0,0.0,0.0,0.0,0.0,0.0,0.0,0.02564102564102564,0.0,0.23076923076923078,0.0,0.0,0.358974358974359,0.0,0.07692307692307693,0.0,0.02564102564102564,0.0,0.10256410256410256,0.0
1973,0.22857142857142856,0.0,0.0,0.05714285714285714,0.0,0.0,0.0,0.0,0.0,0.05714285714285714,0.0,0.42857142857142855,0.0,0.0,0.17142857142857143,0.02857142857142857,0.0,0.0,0.22857142857142856,0.02857142857142857,0.0,0.0,0.0,0.0,0.11428571428571428,0.05714285714285714,0.11428571428571428,0.08571428571428572,0.0,0.0,0.05714285714285714,0.0,0.0,0.0,1.2857142857142858,0.0,0.6,0.02857142857142857,0.0,0.2,0.0,0.0,0.0,0.0,0.0,0.42857142857142855,0.02857142857142857,0.0,0.0,0.7142857142857143,0.0,0.0,0.0,0.11428571428571428,0.6571428571428571,1.0571428571428572,0.0,0.0,0.4,0.0,0.2571428571428571,0.3142857142857143,0.11428571428571428,0.0,0.05714285714285714,0.11428571428571428,0.0,0.02857142857142857,0.14285714285714285,0.0,0.02857142857142857,0.0,0.0,0.11428571428571428,0.0,0.0,0.08571428571428572,0.0,0.05714285714285714,0.0,0.0,0.0,0.0,0.0,0.0,0.0,0.0,0.05714285714285714,0.0,0.0,0.0,0.0,0.0,0.0,0.6,0.0,0.2857142857142857,0.22857142857142856,0.4,0.0
1974,0.5526315789473685,0.0,0.0,0.34210526315789475,0.0,0.5263157894736842,0.0,0.0,0.0,0.0,0.07894736842105263,0.13157894736842105,0.0,0.0,0.21052631578947367,0.02631578947368421,0.0,0.0,0.39473684210526316,0.0,0.0,0.0,0.0,0.0,0.8947368421052632,0.4473684210526316,0.2631578947368421,0.13157894736842105,0.0,0.0,0.13157894736842105,0.0,0.0,0.0,0.4473684210526316,0.0,0.2894736842105263,0.0,0.0,0.15789473684210525,0.0,0.0,0.0,0.0,0.0,0.4473684210526316,0.07894736842105263,0.0,0.0,0.3684210526315789,0.0,0.0,0.0,0.0,0.34210526315789475,1.8157894736842106,0.0,0.0,0.34210526315789475,0.0,0.07894736842105263,0.10526315789473684,0.13157894736842105,0.0,0.0,0.0,0.0,0.0,0.02631578947368421,0.05263157894736842,0.13157894736842105,0.0,0.0,0.15789473684210525,0.0,0.0,0.0,0.0,0.05263157894736842,0.0,0.0,0.0,0.0,0.0,0.0,0.0,0.05263157894736842,0.15789473684210525,0.0,0.13157894736842105,0.0,0.0,0.0,0.0,0.3684210526315789,0.0,0.2631578947368421,0.0,0.2894736842105263,0.0
1975,0.029411764705882353,0.0,0.0,0.058823529411764705,0.0,0.058823529411764705,0.0,0.0,0.0,0.029411764705882353,0.0,0.29411764705882354,0.0,0.0,0.23529411764705882,0.11764705882352941,0.0,0.0,0.5588235294117647,0.0,0.0,0.0,0.0,0.0,0.029411764705882353,0.4117647058823529,0.38235294117647056,0.029411764705882353,0.0,0.0,0.2647058823529412,0.0,0.0,0.0,0.8529411764705882,0.0,0.9117647058823529,0.11764705882352941,0.0,0.35294117647058826,0.0,0.0,0.0,0.0,0.0,0.11764705882352941,0.14705882352941177,0.0,0.0,0.3235294117647059,0.0,0.0,0.0,0.058823529411764705,0.47058823529411764,1.3235294117647058,0.0,0.0,0.14705882352941177,0.0,0.38235294117647056,0.4411764705882353,0.14705882352941177,0.0,0.029411764705882353,0.08823529411764706,0.0,0.0,0.029411764705882353,0.2647058823529412,0.08823529411764706,0.0,0.0,0.058823529411764705,0.0,0.0,0.058823529411764705,0.0,0.20588235294117646,0.0,0.0,0.0,0.0,0.0,0.0,0.0,0.08823529411764706,0.029411764705882353,0.0,0.0,0.0,0.0,0.0,0.0,0.2647058823529412,0.029411764705882353,0.20588235294117646,0.0,0.058823529411764705,0.0
1976,0.2857142857142857,0.0,0.0,0.21428571428571427,0.0,0.10714285714285714,0.0,0.0,0.0,0.03571428571428571,0.0,0.5,0.0,0.0,0.2857142857142857,0.14285714285714285,0.0,0.0,0.25,0.0,0.0,0.0,0.0,0.0,0.7857142857142857,1.0,0.07142857142857142,0.14285714285714285,0.0,0.0,0.25,0.0,0.0,0.0,1.6428571428571428,0.0,1.0,0.0,0.0,0.14285714285714285,0.0,0.0,0.0,0.0,0.0,0.21428571428571427,0.0,0.0,0.0,0.17857142857142858,0.0,0.0,0.0,0.0,1.0714285714285714,1.7142857142857142,0.0,0.0,0.39285714285714285,0.0,0.0,0.0,0.2857142857142857,0.0,0.03571428571428571,0.0,0.32142857142857145,0.0,0.03571428571428571,0.17857142857142858,0.0,0.0,0.0,0.42857142857142855,0.0,0.0,0.10714285714285714,0.0,0.07142857142857142,0.0,0.0,0.0,0.0,0.0,0.0,0.0,0.0,0.32142857142857145,0.0,0.21428571428571427,0.0,0.0,0.0,0.0,0.25,0.0,0.32142857142857145,0.0,0.03571428571428571,0.0
1977,0.41935483870967744,0.0,0.0,0.2903225806451613,0.0,0.45161290322580644,0.16129032258064516,0.0,0.0,0.0,0.06451612903225806,0.6129032258064516,0.22580645161290322,0.0,0.7419354838709677,0.0,0.0,0.0,0.3225806451612903,0.0,0.0,0.0,0.0,0.0,0.2903225806451613,0.16129032258064516,0.1935483870967742,0.22580645161290322,0.0,0.0,0.25806451612903225,0.0,0.25806451612903225,0.0,0.967741935483871,0.0,0.8387096774193549,0.16129032258064516,0.0,0.0,0.8387096774193549,0.0,0.0,0.0,0.0,0.16129032258064516,0.0,0.0,0.0,0.3225806451612903,0.1935483870967742,0.0,0.0,0.0,0.16129032258064516,0.8709677419354839,0.3225806451612903,0.0,0.12903225806451613,0.0,0.0,0.1935483870967742,0.0967741935483871,0.0,0.03225806451612903,0.0967741935483871,0.0,0.0,0.0,0.3870967741935484,0.0,0.0,0.0,0.3548387096774194,0.0,0.0,0.0967741935483871,0.0,0.06451612903225806,0.0,0.0,0.0,0.0,0.0,0.0,0.0,0.06451612903225806,0.0,0.0,0.0,0.0,0.0,0.0,0.0,0.3870967741935484,0.03225806451612903,0.3225806451612903,0.0,0.25806451612903225,0.0
1978,0.3902439024390244,0.0,0.1951219512195122,0.024390243902439025,0.0,0.24390243902439024,0.0,0.0,0.0,0.07317073170731707,0.0,0.3170731707317073,0.0,0.0,0.36585365853658536,0.024390243902439025,0.1951219512195122,0.0,0.7317073170731707,0.024390243902439025,0.0,0.0,0.0,0.0,0.34146341463414637,0.21951219512195122,0.4878048780487805,0.3170731707317073,0.0,0.0,0.2926829268292683,0.0,0.0,0.0,1.3170731707317074,0.0,0.3902439024390244,0.2682926829268293,0.0,0.07317073170731707,0.0,0.0,0.0,0.04878048780487805,0.0,0.2682926829268293,0.0,0.0,0.0,0.24390243902439024,0.0,0.0,0.0,0.0,0.2926829268292683,1.2926829268292683,0.0,0.0,0.4878048780487805,0.0,0.12195121951219512,0.17073170731707318,0.07317073170731707,0.0,0.0,0.0975609756097561,0.0,0.0,0.04878048780487805,0.14634146341463414,0.0,0.0,0.0,0.07317073170731707,0.0,0.04878048780487805,0.07317073170731707,0.0,0.0975609756097561,0.0,0.0,0.0,0.0,0.0,0.0,0.0,0.04878048780487805,0.07317073170731707,0.0,0.24390243902439024,0.0,0.0,0.0,0.0,0.3170731707317073,0.0,0.43902439024390244,0.0,0.07317073170731707,0.0
1979,0.6666666666666666,0.0,0.0,0.07692307692307693,0.0,0.1794871794871795,0.0,0.0,0.0,0.15384615384615385,0.0,0.46153846153846156,0.0,0.0,0.4358974358974359,0.10256410256410256,0.0,0.0,0.48717948717948717,0.0,0.0,0.0,0.0,0.0,0.23076923076923078,0.23076923076923078,0.3076923076923077,0.358974358974359,0.0,0.0,0.5128205128205128,0.0,0.0,0.0,0.5641025641025641,0.0,0.5641025641025641,0.1794871794871795,0.20512820512820512,0.20512820512820512,0.0,0.0,0.0,0.0,0.0,0.23076923076923078,0.0,0.0,0.0,0.3076923076923077,0.0,0.0,0.0,0.0,0.8717948717948718,1.205128205128205,0.0,0.0,0.5897435897435898,0.0,0.41025641025641024,0.358974358974359,0.07692307692307693,0.0,0.02564102564102564,0.10256410256410256,0.0,0.23076923076923078,0.1282051282051282,0.1794871794871795,0.0,0.0,0.46153846153846156,0.23076923076923078,0.0,0.05128205128205128,0.1282051282051282,0.0,0.10256410256410256,0.0,0.0,0.0,0.0,0.0,0.0,0.0,0.10256410256410256,0.02564102564102564,0.0,0.3333333333333333,0.0,0.0,0.0,0.0,0.48717948717948717,0.05128205128205128,0.23076923076923078,0.0,0.15384615384615385,0.0
1980,0.1111111111111111,0.0,0.0,0.14814814814814814,0.0,0.5185185185185185,0.0,0.4444444444444444,0.0,0.0,0.0,0.14814814814814814,0.0,0.0,0.4444444444444444,0.14814814814814814,0.0,0.0,0.4444444444444444,0.0,0.0,0.0,0.0,0.0,0.3333333333333333,0.6296296296296297,0.07407407407407407,0.5555555555555556,0.0,0.0,0.4074074074074074,0.0,0.0,0.0,1.4814814814814814,0.0,0.2962962962962963,0.1111111111111111,0.0,0.07407407407407407,0.0,0.2222222222222222,0.0,0.0,0.0,0.2962962962962963,0.25925925925925924,0.6666666666666666,0.0,0.2222222222222222,0.0,0.0,0.0,0.0,0.3333333333333333,0.9259259259259259,0.0,0.0,0.6666666666666666,0.0,0.5925925925925926,0.037037037037037035,0.2222222222222222,0.0,0.07407407407407407,0.0,0.0,0.0,0.14814814814814814,0.14814814814814814,0.0,0.0,0.0,0.2962962962962963,0.0,0.037037037037037035,0.037037037037037035,0.0,0.0,0.0,0.0,0.0,0.0,0.0,0.0,0.0,0.0,0.0,0.0,0.2962962962962963,0.0,0.0,0.0,0.2962962962962963,0.4074074074074074,0.07407407407407407,1.037037037037037,0.0,0.07407407407407407,0.0
1981,0.358974358974359,0.0,0.0,0.0,0.0,0.15384615384615385,0.0,0.0,0.0,0.0,0.0,0.10256410256410256,0.0,0.0,0.358974358974359,0.0,0.0,0.0,0.23076923076923078,0.02564102564102564,0.0,0.0,0.0,0.0,0.5641025641025641,0.2564102564102564,0.3076923076923077,0.20512820512820512,0.0,0.0,0.15384615384615385,0.0,0.0,0.0,1.3333333333333333,0.0,0.3076923076923077,0.1794871794871795,0.0,0.3076923076923077,0.0,0.0,0.0,0.0,0.0,0.5641025641025641,0.0,0.0,0.0,0.5384615384615384,0.0,0.0,0.0,0.0,0.6153846153846154,1.794871794871795,0.0,0.0,0.358974358974359,0.0,0.05128205128205128,0.3333333333333333,0.20512820512820512,0.0,0.05128205128205128,0.0,0.0,0.0,0.10256410256410256,0.28205128205128205,0.2564102564102564,0.0,0.0,0.10256410256410256,0.0,0.0,0.05128205128205128,0.0,0.05128205128205128,0.0,0.0,0.0,0.0,0.0,0.0,0.0,0.07692307692307693,0.02564102564102564,0.0,0.23076923076923078,0.0,0.0,0.0,0.0,0.46153846153846156,0.07692307692307693,0.3333333333333333,0.0,0.10256410256410256,0.0
1982,0.5945945945945946,0.0,0.0,0.2702702702702703,0.0,0.1891891891891892,0.0,0.0,0.0,0.0,0.02702702702702703,0.21621621621621623,0.0,0.5945945945945946,0.5135135135135135,0.16216216216216217,0.0,0.0,0.32432432432432434,0.0,0.0,0.0,0.0,0.0,0.7837837837837838,0.5675675675675675,0.5675675675675675,0.43243243243243246,0.0,0.0,0.10810810810810811,0.0,0.0,0.0,0.6216216216216216,0.0,0.43243243243243246,0.0,0.0,0.2702702702702703,0.0,0.0,0.0,0.0,0.0,0.5405405405405406,0.3783783783783784,0.0,0.21621621621621623,0.5405405405405406,0.0,0.0,0.0,0.0,0.40540540540540543,2.918918918918919,0.0,0.0,0.5405405405405406,0.0,0.13513513513513514,0.2972972972972973,0.16216216216216217,0.0,0.21621621621621623,0.02702702702702703,0.0,0.02702702702702703,0.0,0.2702702702702703,0.16216216216216217,0.0,0.0,0.2972972972972973,0.0,0.1891891891891892,0.35135135135135137,0.0,0.10810810810810811,0.0,0.0,0.0,0.0,0.0,0.16216216216216217,0.0,0.0,0.21621621621621623,0.0,0.0,0.0,0.0,0.0,0.0,0.24324324324324326,0.0,0.16216216216216217,0.0,0.16216216216216217,0.0
1983,0.6153846153846154,0.0,0.0,0.3076923076923077,0.0,0.07692307692307693,0.0,0.0,0.0,0.038461538461538464,0.11538461538461539,0.23076923076923078,0.0,0.0,0.3076923076923077,0.2692307692307692,0.0,0.34615384615384615,0.46153846153846156,0.0,0.0,0.0,0.0,0.0,0.19230769230769232,0.38461538461538464,0.5384615384615384,0.11538461538461539,0.0,0.0,0.5384615384615384,0.0,0.0,0.0,1.3846153846153846,0.0,1.1538461538461537,0.038461538461538464,0.0,0.6923076923076923,0.0,0.0,0.0,0.0,0.0,0.38461538461538464,0.07692307692307693,0.0,0.0,0.038461538461538464,0.0,0.0,0.0,0.0,1.0,3.230769230769231,0.0,0.0,0.5769230769230769,0.0,0.46153846153846156,0.6153846153846154,0.23076923076923078,0.0,0.15384615384615385,0.11538461538461539,0.0,0.07692307692307693,0.038461538461538464,0.11538461538461539,0.0,0.0,0.0,0.07692307692307693,0.0,0.038461538461538464,0.3076923076923077,0.0,0.038461538461538464,0.0,0.0,0.0,0.0,0.0,0.0,0.0,0.038461538461538464,0.15384615384615385,0.0,0.038461538461538464,0.0,0.0,0.0,0.0,0.3076923076923077,0.038461538461538464,0.23076923076923078,0.0,0.038461538461538464,0.0
1984,0.7922077922077922,0.0,0.0,0.05194805194805195,0.19480519480519481,0.36363636363636365,0.0,0.0,0.0,0.05194805194805195,0.07792207792207792,0.23376623376623376,0.0,0.0,0.5324675324675324,0.09090909090909091,0.0,0.0,0.2727272727272727,0.0,0.0,0.0,0.0,0.0,0.2077922077922078,0.2597402597402597,0.7792207792207793,0.36363636363636365,0.0,0.0,0.36363636363636365,0.0,0.0,0.0,1.2727272727272727,0.0,0.4025974025974026,0.05194805194805195,0.0,0.35064935064935066,0.0,0.0,0.0,0.0,0.0,0.5584415584415584,0.11688311688311688,0.0,0.0,0.2597402597402597,0.0,0.0,0.0,0.0,0.6103896103896104,2.1818181818181817,0.0,0.0,0.2597402597402597,0.0,0.1038961038961039,0.5454545454545454,0.06493506493506493,0.0,0.11688311688311688,0.2077922077922078,0.0,0.025974025974025976,0.05194805194805195,0.14285714285714285,0.16883116883116883,0.0,0.0,0.19480519480519481,0.0,0.23376623376623376,0.3246753246753247,0.0,0.16883116883116883,0.0,0.0,0.0,0.0,0.0,0.0,0.0,0.1038961038961039,0.15584415584415584,0.0,0.09090909090909091,0.0,0.0,0.0,0.0,0.2857142857142857,0.2727272727272727,0.2077922077922078,0.0,0.07792207792207792,0.0
1985,0.8243243243243243,0.0,0.0,0.36486486486486486,0.0,0.21621621621621623,0.0,0.0,0.0,0.04054054054054054,0.08108108108108109,0.24324324324324326,0.0,0.0,0.2702702702702703,0.05405405405405406,0.0,0.0,0.25675675675675674,0.0,0.0,0.0,0.0,0.0,0.3108108108108108,0.21621621621621623,0.527027027027027,0.5135135135135135,0.0,0.0,0.13513513513513514,0.0,0.0,0.0,1.1081081081081081,0.0,0.7297297297297297,0.06756756756756757,0.0,0.24324324324324326,0.0,0.0,0.0,0.02702702702702703,0.0,0.7162162162162162,0.06756756756756757,0.0,0.0,0.5675675675675675,0.0,0.0,0.0,0.0,0.5,3.5405405405405403,0.0,0.0,0.36486486486486486,0.0,0.21621621621621623,0.32432432432432434,0.10810810810810811,0.0,0.05405405405405406,0.0945945945945946,0.0,0.0945945945945946,0.13513513513513514,0.0945945945945946,0.06756756756756757,0.0,0.0,0.2702702702702703,0.0,0.16216216216216217,0.43243243243243246,0.0,0.08108108108108109,0.0,0.0,0.0,0.0,0.0,0.0,0.0,0.04054054054054054,0.32432432432432434,0.0,0.28378378378378377,0.0,0.0,0.0,0.0,0.20270270270270271,0.013513513513513514,0.22972972972972974,0.0,0.16216216216216217,0.0
1986,0.6395348837209303,0.1744186046511628,0.0,0.29069767441860467,0.0,0.20930232558139536,0.0,0.0,0.0,0.11627906976744186,0.05813953488372093,0.1511627906976744,0.0,0.0,0.46511627906976744,0.05813953488372093,0.0,0.0,0.36046511627906974,0.011627906976744186,0.0,0.0,0.0,0.0,0.20930232558139536,0.313953488372093,0.5232558139534884,0.19767441860465115,0.0,0.0,0.23255813953488372,0.0,0.0,0.0,0.9302325581395349,0.0,0.5581395348837209,0.03488372093023256,0.0,0.4069767441860465,0.0,0.0,0.0,0.0,0.0,0.26744186046511625,0.023255813953488372,0.0,0.0,0.5232558139534884,0.0,0.0,0.0,0.0,0.5,2.953488372093023,0.0,0.0,0.29069767441860467,0.0,0.23255813953488372,0.36046511627906974,0.2441860465116279,0.0,0.19767441860465115,0.1511627906976744,0.0,0.03488372093023256,0.11627906976744186,0.16279069767441862,0.0,0.0,0.0,0.16279069767441862,0.0,0.1744186046511628,0.46511627906976744,0.0,0.23255813953488372,0.0,0.0,0.0,0.0,0.0,0.0,0.0,0.046511627906976744,0.36046511627906974,0.0,0.046511627906976744,0.0,0.0,0.0,0.0,0.32558139534883723,0.05813953488372093,0.09302325581395349,0.0,0.1511627906976744,0.0
1987,0.6455696202531646,0.0,0.0,0.22784810126582278,0.0,0.12658227848101267,0.0,0.0,0.0,0.08860759493670886,0.25316455696202533,0.189873417721519,0.0,0.0,0.5189873417721519,0.0,0.0,0.0,0.569620253164557,0.02531645569620253,0.0,0.0,0.0,0.0,0.16455696202531644,0.4430379746835443,0.6962025316455697,0.13924050632911392,0.0,0.0,0.35443037974683544,0.0,0.0,0.0,1.0886075949367089,0.0,0.7848101265822784,0.08860759493670886,0.0,0.6075949367088608,0.0,0.0,0.0,0.0,0.0,0.31645569620253167,0.012658227848101266,0.0,0.0,0.620253164556962,0.0,0.0,0.0,0.0,0.5949367088607594,2.6455696202531644,0.0,0.0,0.5063291139240507,0.0,0.10126582278481013,0.4177215189873418,0.13924050632911392,0.0,0.11392405063291139,0.16455696202531644,0.0,0.25316455696202533,0.12658227848101267,0.189873417721519,0.05063291139240506,0.0,0.0,0.3670886075949367,0.0,0.13924050632911392,0.5443037974683544,0.0,0.22784810126582278,0.0,0.0,0.0,0.0,0.0,0.0,0.0,0.02531645569620253,0.27848101265822783,0.0,0.02531645569620253,0.0,0.0,0.0,0.0,0.45569620253164556,0.12658227848101267,0.11392405063291139,0.0,0.12658227848101267,0.0
1988,0.3375,0.0,0.0,0.2125,0.0,0.2625,0.0,0.0,0.0,0.1375,0.25,0.15,0.0,0.0,0.1125,0.0625,0.0,0.0,0.525,0.0,0.0,0.0,0.0,0.0,0.0875,0.3375,0.3625,0.05,0.0,0.0,0.3875,0.0,0.0,0.0,0.7375,0.0,0.825,0.1,0.0,0.625,0.0,0.0,0.0,0.0,0.0,0.325,0.0375,0.0,0.0,0.8375,0.0,0.0,0.0,0.0,0.45,2.4375,0.0,0.0,0.475,0.0,0.3375,0.4375,0.2125,0.0,0.1,0.2,0.0,0.05,0.125,0.125,0.0,0.0,0.0,0.2625,0.0,0.2875,0.525,0.0,0.0875,0.0,0.0,0.0,0.0,0.0,0.0,0.0,0.0875,0.3125,0.0,0.1375,0.0,0.0,0.0,0.0,0.0875,0.125,0.15,0.0,0.2,0.0
1989,0.7380952380952381,0.0,0.0,0.25,0.0,0.20238095238095238,0.0,0.0,0.0,0.07142857142857142,0.25,0.30952380952380953,0.0,0.0,0.5952380952380952,0.09523809523809523,0.0,0.0,0.4523809523809524,0.0,0.0,0.0,0.0,0.0,0.20238095238095238,0.44047619047619047,0.5714285714285714,0.0,0.0,0.0,0.34523809523809523,0.0,0.0,0.0,1.0119047619047619,0.0,0.8095238095238095,0.15476190476190477,0.0,0.4880952380952381,0.0,0.0,0.0,0.0,0.0,0.47619047619047616,0.13095238095238096,0.0,0.0,0.3333333333333333,0.0,0.0,0.0,0.0,0.5238095238095238,2.8333333333333335,0.0,0.0,0.27380952380952384,0.0,0.38095238095238093,0.32142857142857145,0.09523809523809523,0.0,0.023809523809523808,0.25,0.0,0.09523809523809523,0.10714285714285714,0.08333333333333333,0.0,0.0,0.0,0.2619047619047619,0.0,0.10714285714285714,0.47619047619047616,0.0,0.13095238095238096,0.0,0.0,0.0,0.0,0.0,0.0,0.0,0.08333333333333333,0.39285714285714285,0.0,0.17857142857142858,0.0,0.0,0.0,0.0,0.4880952380952381,0.07142857142857142,0.07142857142857142,0.0,0.05952380952380952,0.0
1990,0.6923076923076923,0.0,0.0,0.10256410256410256,0.0,0.2948717948717949,0.0,0.0,0.0,0.11538461538461539,0.2692307692307692,0.3076923076923077,0.0,0.0,0.28205128205128205,0.07692307692307693,0.0,0.0,0.48717948717948717,0.01282051282051282,0.0,0.0,0.0,0.0,0.07692307692307693,0.41025641025641024,0.6153846153846154,0.08974358974358974,0.0,0.0,0.358974358974359,0.0,0.0,0.0,0.8589743589743589,0.0,0.8333333333333334,0.20512820512820512,0.0,0.6666666666666666,0.0,0.0,0.0,0.038461538461538464,0.0,0.2948717948717949,0.01282051282051282,0.0,0.0,0.5128205128205128,0.0,0.0,0.0,0.0,0.8846153846153846,2.128205128205128,0.0,0.0,0.5512820512820513,0.0,0.3333333333333333,0.46153846153846156,0.20512820512820512,0.0,0.0641025641025641,0.3076923076923077,0.0,0.07692307692307693,0.358974358974359,0.2692307692307692,0.21794871794871795,0.0,0.0,0.16666666666666666,0.0,0.14102564102564102,0.8974358974358975,0.0,0.16666666666666666,0.0,0.0,0.0,0.0,0.0,0.0,0.0,0.05128205128205128,0.41025641025641024,0.0,0.11538461538461539,0.0,0.0,0.0,0.0,0.23076923076923078,0.0,0.10256410256410256,0.0,0.16666666666666666,0.0
1991,0.5138888888888888,0.0,0.0,0.4027777777777778,0.0,0.20833333333333334,0.0,0.0,0.0,0.08333333333333333,0.4166666666666667,0.16666666666666666,0.0,0.0,0.3472222222222222,0.05555555555555555,0.0,0.0,0.4861111111111111,0.08333333333333333,0.0,0.0,0.0,0.0,0.2916666666666667,0.3194444444444444,0.625,0.0,0.0,0.0,0.4583333333333333,0.0,0.0,0.0,0.8194444444444444,0.0,0.8333333333333334,0.19444444444444445,0.0,0.4861111111111111,0.0,0.0,0.0,0.041666666666666664,0.0,0.3611111111111111,0.16666666666666666,0.0,0.0,0.3611111111111111,0.0,0.0,0.0,0.0,0.8888888888888888,2.513888888888889,0.0,0.0,0.5694444444444444,0.0,0.3055555555555556,0.4444444444444444,0.08333333333333333,0.0,0.09722222222222222,0.4027777777777778,0.0,0.1388888888888889,0.2777777777777778,0.125,0.18055555555555555,0.0,0.0,0.18055555555555555,0.0,0.6805555555555556,0.8194444444444444,0.0,0.05555555555555555,0.0,0.0,0.0,0.0,0.0,0.0,0.0,0.06944444444444445,0.2638888888888889,0.0,0.16666666666666666,0.0,0.0,0.0,0.0,0.2638888888888889,0.16666666666666666,0.20833333333333334,0.0,0.2638888888888889,0.0
1992,0.32432432432432434,0.0,0.0,0.32432432432432434,0.0,0.21621621621621623,0.0,0.0,0.0,0.13513513513513514,0.3918918918918919,0.16216216216216217,0.0,0.0,0.3918918918918919,0.02702702702702703,0.0,0.0,0.6486486486486487,0.12162162162162163,0.0,0.0,0.0,0.0,0.25675675675675674,0.2702702702702703,0.36486486486486486,0.0,0.0,0.0,0.35135135135135137,0.0,0.0,0.0,1.0810810810810811,0.0,1.135135135135135,0.0945945945945946,0.0,1.054054054054054,0.0,0.0,0.0,0.0,0.0,0.21621621621621623,0.0,0.0,0.0,0.3918918918918919,0.0,0.0,0.0,0.0,0.527027027027027,2.689189189189189,0.0,0.0,0.40540540540540543,0.0,0.3918918918918919,0.7162162162162162,0.1891891891891892,0.0,0.14864864864864866,0.4594594594594595,0.0,0.04054054054054054,0.32432432432432434,0.25675675675675674,0.05405405405405406,0.0,0.0,0.1891891891891892,0.0,0.3918918918918919,0.8783783783783784,0.0,0.16216216216216217,0.0,0.0,0.0,0.0,0.0,0.0,0.0,0.24324324324324326,0.2702702702702703,0.0,0.05405405405405406,0.0,0.0,0.0,0.0,0.13513513513513514,0.25675675675675674,0.05405405405405406,0.0,0.08108108108108109,0.0
1993,0.3684210526315789,0.0,0.0,0.35526315789473684,0.0,0.17105263157894737,0.0,0.0,0.0,0.15789473684210525,0.23684210526315788,0.47368421052631576,0.0,0.0,0.39473684210526316,0.17105263157894737,0.0,0.0,0.5657894736842105,0.039473684210526314,0.0,0.0,0.0,0.0,0.19736842105263158,0.32894736842105265,0.5394736842105263,0.0,0.0,0.0,0.5263157894736842,0.0,0.0,0.0,0.631578947368421,0.0,0.868421052631579,0.23684210526315788,0.0,1.0394736842105263,0.0,0.0,0.0,0.02631578947368421,0.0,0.039473684210526314,0.0,0.0,0.0,0.23684210526315788,0.0,0.0,0.0,0.0,0.5789473684210527,2.4210526315789473,0.0,0.0,0.42105263157894735,0.0,0.7236842105263158,0.631578947368421,0.09210526315789473,0.0,0.15789473684210525,0.39473684210526316,0.0,0.27631578947368424,0.19736842105263158,0.2631578947368421,0.15789473684210525,0.0,0.0,0.15789473684210525,0.0,0.3815789473684211,0.9473684210526315,0.0,0.17105263157894737,0.0,0.0,0.0,0.0,0.0,0.0,0.0,0.2236842105263158,0.19736842105263158,0.0,0.35526315789473684,0.0,0.0,0.0,0.0,0.39473684210526316,0.2236842105263158,0.13157894736842105,0.0,0.13157894736842105,0.0
1994,0.21686746987951808,0.0,0.0,0.39759036144578314,0.0,0.27710843373493976,0.0,0.0,0.0,0.0963855421686747,0.3493975903614458,0.26506024096385544,0.0,0.0,0.40963855421686746,0.13253012048192772,0.0,0.0,0.8554216867469879,0.07228915662650602,0.0,0.0,0.0,0.0,0.13253012048192772,0.3132530120481928,0.46987951807228917,0.024096385542168676,0.0,0.43373493975903615,0.6144578313253012,0.0,0.0,0.0,1.0,0.0,1.3012048192771084,0.1927710843373494,0.0,0.6987951807228916,0.0,0.0,0.0,0.04819277108433735,0.0,0.03614457831325301,0.024096385542168676,0.0,0.0,0.08433734939759036,0.0,0.0,0.0,0.0,0.4457831325301205,2.072289156626506,0.0,0.0,0.7831325301204819,0.0,0.5903614457831325,0.5662650602409639,0.12048192771084337,0.0,0.26506024096385544,0.2891566265060241,0.0,0.1927710843373494,0.3614457831325301,0.13253012048192772,0.07228915662650602,0.0,0.0,0.24096385542168675,0.0,0.14457831325301204,0.9036144578313253,0.0,0.24096385542168675,0.0,0.0,0.0,0.0,0.0,0.0,0.0,0.4457831325301205,0.2289156626506024,0.0,0.3132530120481928,0.0,0.0,0.0,0.0,0.21686746987951808,0.12048192771084337,0.14457831325301204,0.0,0.30120481927710846,0.0
1995,0.19753086419753085,0.0,0.0,0.2839506172839506,0.0,0.18518518518518517,0.0,0.0,0.0,0.24691358024691357,0.49382716049382713,0.1728395061728395,0.0,0.0,0.7901234567901234,0.24691358024691357,0.0,0.0,1.0246913580246915,0.09876543209876543,0.0,0.0,0.0,0.0,0.14814814814814814,0.5061728395061729,0.6666666666666666,0.037037037037037035,0.0,0.0,0.5925925925925926,0.0,0.0,0.0,0.6666666666666666,0.0,1.0,0.32098765432098764,0.0,0.6172839506172839,0.0,0.0,0.0,0.06172839506172839,0.0,0.1728395061728395,0.012345679012345678,0.0,0.0,0.2716049382716049,0.0,0.0,0.0,0.0,0.691358024691358,2.5308641975308643,0.0,0.0,0.6666666666666666,0.0,0.8641975308641975,0.7037037037037037,0.13580246913580246,0.0,0.2716049382716049,0.4074074074074074,0.0,0.2222222222222222,0.18518518518518517,0.08641975308641975,0.2222222222222222,0.0,0.0,0.345679012345679,0.0,0.5555555555555556,0.8641975308641975,0.0,0.32098765432098764,0.0,0.0,0.0,0.0,0.0,0.0,0.0,0.2716049382716049,0.2222222222222222,0.0,0.5925925925925926,0.0,0.0,0.0,0.0,0.20987654320987653,0.09876543209876543,0.19753086419753085,0.0,0.2222222222222222,0.0
1996,0.1978021978021978,0.0,0.0,0.5274725274725275,0.0,0.3076923076923077,0.0,0.0,0.0,0.17582417582417584,0.46153846153846156,0.18681318681318682,0.0,0.0,0.2857142857142857,0.31868131868131866,0.0,0.0,0.978021978021978,0.10989010989010989,0.0,0.0,0.0,0.0,0.10989010989010989,0.5164835164835165,0.45054945054945056,0.06593406593406594,0.0,0.0,0.7032967032967034,0.0,0.0,0.0,0.7802197802197802,0.0,1.5714285714285714,0.15384615384615385,0.0,0.6043956043956044,0.0,0.0,0.0,0.23076923076923078,0.0,0.054945054945054944,0.054945054945054944,0.0,0.0,0.26373626373626374,0.0,0.0,0.0,0.0,0.5054945054945055,2.9450549450549453,0.0,0.0,0.4835164835164835,0.0,0.7472527472527473,0.5274725274725275,0.054945054945054944,0.0,0.23076923076923078,0.4175824175824176,0.0,0.21978021978021978,0.31868131868131866,0.0989010989010989,0.16483516483516483,0.0,0.0,0.38461538461538464,0.0,0.24175824175824176,1.010989010989011,0.0,0.45054945054945056,0.0,0.0,0.0,0.0,0.0,0.0,0.0,0.3626373626373626,0.14285714285714285,0.0,0.3626373626373626,0.0,0.0,0.0,0.0,0.38461538461538464,0.17582417582417584,0.4835164835164835,0.0,0.46153846153846156,0.0
1997,0.422680412371134,0.0,0.0,0.5257731958762887,0.0,0.20618556701030927,0.0,0.0,0.0,0.3402061855670103,0.5463917525773195,0.36082474226804123,0.0,0.0,0.4020618556701031,0.21649484536082475,0.0,0.0,0.8969072164948454,0.21649484536082475,0.0,0.0,0.0,0.0,0.18556701030927836,0.4536082474226804,0.5567010309278351,0.0,0.0,0.0,0.7422680412371134,0.0,0.0,0.0,0.8041237113402062,0.0,1.2783505154639174,0.24742268041237114,0.0,0.8247422680412371,0.0,0.0,0.0,0.14432989690721648,0.0,0.030927835051546393,0.15463917525773196,0.0,0.0,0.16494845360824742,0.0,0.0,0.0,0.0,0.8247422680412371,3.11340206185567,0.0,0.0,0.6391752577319587,0.0,0.8762886597938144,0.3402061855670103,0.10309278350515463,0.32989690721649484,0.08247422680412371,0.4329896907216495,0.0,0.38144329896907214,0.30927835051546393,0.1134020618556701,0.2268041237113402,0.0,0.0,0.23711340206185566,0.0,0.25773195876288657,1.0206185567010309,0.0,0.1958762886597938,0.0,0.0,0.0,0.0,0.0,0.0,0.0,0.14432989690721648,0.2268041237113402,0.0,0.27835051546391754,0.0,0.0,0.0,0.0,0.32989690721649484,0.17525773195876287,0.27835051546391754,0.0,0.3711340206185567,0.0
1998,0.35051546391752575,0.0,0.0,0.4329896907216495,0.0,0.29896907216494845,0.0,0.0,0.0,0.1958762886597938,0.4020618556701031,0.26804123711340205,0.0,0.0,0.4742268041237113,0.26804123711340205,0.0,0.0,1.1649484536082475,0.10309278350515463,0.0,0.0,0.0,0.0,0.35051546391752575,0.5154639175257731,0.5154639175257731,0.0,0.0,0.0,0.7319587628865979,0.0,0.0,0.0,0.5360824742268041,0.0,1.1855670103092784,0.21649484536082475,0.0,0.5876288659793815,0.0,0.0,0.0,0.2268041237113402,0.0,0.14432989690721648,0.030927835051546393,0.0,0.0,0.23711340206185566,0.0,0.0,0.0,0.0,0.5670103092783505,3.329896907216495,0.0,0.0,0.4329896907216495,0.0,0.7731958762886598,0.38144329896907214,0.25773195876288657,0.0,0.21649484536082475,0.4329896907216495,0.0,0.29896907216494845,0.2268041237113402,0.08247422680412371,0.14432989690721648,0.0,0.0,0.31958762886597936,0.0,0.26804123711340205,0.6288659793814433,0.0,0.26804123711340205,0.0,0.0,0.0,0.0,0.0,0.0,0.0,0.29896907216494845,0.30927835051546393,0.0,0.14432989690721648,0.0,0.0,0.0,0.0,0.4639175257731959,0.17525773195876287,0.5876288659793815,0.0,0.31958762886597936,0.0
1999,0.32967032967032966,0.0,0.0,0.5054945054945055,0.0,0.2967032967032967,0.0,0.0,0.0,0.15384615384615385,0.4175824175824176,0.4065934065934066,0.0,0.0,0.26373626373626374,0.23076923076923078,0.0,0.0,0.945054945054945,0.10989010989010989,0.0,0.0,0.0,0.0,0.07692307692307693,0.43956043956043955,0.8351648351648352,0.01098901098901099,0.0,0.0,0.6703296703296703,0.0,0.0,0.0,0.5054945054945055,0.0,1.0,0.4945054945054945,0.0,0.5934065934065934,0.0,0.0,0.0,0.15384615384615385,0.0,0.10989010989010989,0.14285714285714285,0.0,0.0,0.2087912087912088,0.0,0.0,0.0,0.0,0.6593406593406593,3.5494505494505493,0.0,0.0,0.5604395604395604,0.0,0.7362637362637363,0.4835164835164835,0.1978021978021978,0.0,0.18681318681318682,0.4175824175824176,0.0,0.10989010989010989,0.21978021978021978,0.0989010989010989,0.07692307692307693,0.0,0.0,0.17582417582417584,0.0,0.25274725274725274,1.098901098901099,0.1978021978021978,0.24175824175824176,0.0,0.0,0.0,0.0,0.0,0.0,0.0,0.18681318681318682,0.24175824175824176,0.0,0.14285714285714285,0.0,0.0,0.0,0.0,0.32967032967032966,0.13186813186813187,1.0,0.0,0.2087912087912088,0.0
2000,0.30927835051546393,0.0,0.0,0.32989690721649484,0.0,0.36082474226804123,0.0,0.0,0.0,0.08247422680412371,0.3402061855670103,0.08247422680412371,0.0,0.0,0.31958762886597936,0.1958762886597938,0.0,0.0,0.9484536082474226,0.20618556701030927,0.0,0.0,0.0,0.0,0.20618556701030927,0.3402061855670103,0.4020618556701031,0.0,0.0,0.0,0.4020618556701031,0.0,0.0,0.0,0.4742268041237113,0.0,1.1030927835051547,0.35051546391752575,0.0,0.5876288659793815,0.0,0.0,0.0,0.15463917525773196,0.0,0.09278350515463918,0.10309278350515463,0.0,0.0,0.23711340206185566,0.0,0.0,0.0,0.0,0.44329896907216493,3.1443298969072164,0.0,0.0,0.4020618556701031,0.0,0.9278350515463918,0.4742268041237113,0.24742268041237114,0.0,0.1958762886597938,0.36082474226804123,0.0,0.27835051546391754,0.29896907216494845,0.13402061855670103,0.36082474226804123,0.0,0.0,0.31958762886597936,0.0,0.20618556701030927,0.7835051546391752,0.0,0.31958762886597936,0.0,0.0,0.0,0.0,0.0,0.0,0.0,0.38144329896907214,0.13402061855670103,0.0,0.18556701030927836,0.0,0.0,0.0,0.0,0.28865979381443296,0.1958762886597938,0.4948453608247423,0.0,0.10309278350515463,0.0
2001,0.2553191489361702,0.0,0.0,0.4787234042553192,0.0,0.26595744680851063,0.0,0.0,0.0,0.2978723404255319,0.32978723404255317,0.30851063829787234,0.0,0.0,0.2978723404255319,0.5531914893617021,0.0,0.0,1.2234042553191489,0.07446808510638298,0.0,0.0,0.0,0.0,0.06382978723404255,0.46808510638297873,0.8191489361702128,0.0,0.0,0.0,0.648936170212766,0.0,0.0,0.0,0.7446808510638298,0.0,0.9893617021276596,0.6063829787234043,0.0,0.5531914893617021,0.0,0.0,0.0,0.23404255319148937,0.0,0.1595744680851064,0.20212765957446807,0.0,0.0,0.22340425531914893,0.0,0.0,0.0,0.0,0.6063829787234043,3.4148936170212765,0.0,0.0,0.574468085106383,0.0,0.8191489361702128,0.5851063829787234,0.10638297872340426,0.0,0.19148936170212766,0.2872340425531915,0.0,0.1595744680851064,0.18085106382978725,0.1276595744680851,0.1595744680851064,0.0,0.0,0.3404255319148936,0.0,0.2553191489361702,0.8723404255319149,0.0,0.30851063829787234,0.0,0.0,0.0,0.0,0.0,0.0,0.0,0.32978723404255317,0.3191489361702128,0.0,0.1595744680851064,0.0,0.0,0.0,0.0,0.2765957446808511,0.22340425531914893,0.7340425531914894,0.0,0.39361702127659576,0.0
2002,0.37373737373737376,0.0,0.0,0.48484848484848486,0.0,0.45454545454545453,0.0,0.0,0.0,0.24242424242424243,0.36363636363636365,0.20202020202020202,0.0,0.0,0.2828282828282828,0.18181818181818182,0.0,0.0,0.9090909090909091,0.35353535353535354,0.0,0.0,0.0,0.0,0.0707070707070707,0.4444444444444444,0.7676767676767676,0.0,0.0,0.0,0.47474747474747475,0.0,0.0,0.0,0.5555555555555556,0.0,1.6363636363636365,0.5656565656565656,0.0,0.6767676767676768,0.0,0.0,0.0,0.25252525252525254,0.0,0.08080808080808081,0.1717171717171717,0.0,0.0,0.1717171717171717,0.0,0.0,0.0,0.0,0.8484848484848485,3.080808080808081,0.0,0.0,0.4444444444444444,0.0,0.45454545454545453,0.4444444444444444,0.23232323232323232,0.0,0.21212121212121213,0.45454545454545453,0.0,0.12121212121212122,0.1919191919191919,0.10101010101010101,0.09090909090909091,0.0,0.0,0.26262626262626265,0.0,0.36363636363636365,0.8585858585858586,0.0,0.21212121212121213,0.0,0.0,0.0,0.0,0.0,0.0,0.2828282828282828,0.24242424242424243,0.26262626262626265,0.0,0.15151515151515152,0.0,0.0,0.0,0.0,0.18181818181818182,0.29292929292929293,0.6868686868686869,0.0,0.16161616161616163,0.0
2003,0.3645833333333333,0.0,0.0,0.4583333333333333,0.0,0.3645833333333333,0.0,0.0,0.0,0.22916666666666666,0.4895833333333333,0.3125,0.0,0.0,0.3541666666666667,0.3854166666666667,0.0,0.0,1.2604166666666667,0.22916666666666666,0.23958333333333334,0.0,0.0,0.0,0.13541666666666666,0.3854166666666667,0.7604166666666666,0.0625,0.0,0.0,0.6458333333333334,0.0,0.0,0.0,0.6041666666666666,0.0,1.4479166666666667,0.78125,0.0,0.3854166666666667,0.0,0.0,0.0,0.19791666666666666,0.0,0.13541666666666666,0.3020833333333333,0.0,0.0,0.3333333333333333,0.0,0.0,0.0,0.0,0.9270833333333334,3.25,0.0,0.0,0.6041666666666666,0.0,0.4479166666666667,0.4895833333333333,0.28125,0.0,0.2708333333333333,0.5208333333333334,0.0,0.17708333333333334,0.3020833333333333,0.22916666666666666,0.19791666666666666,0.0,0.0,0.3333333333333333,0.0,0.22916666666666666,0.5416666666666666,0.0,0.21875,0.0,0.0,0.0,0.0,0.0,0.0,0.0,0.15625,0.1875,0.16666666666666666,0.125,0.0,0.0,0.0,0.0,0.3854166666666667,0.21875,0.5,0.0,0.1875,0.0
2004,0.6122448979591837,0.0,0.0,0.37755102040816324,0.0,0.19387755102040816,0.0,0.0,0.0,0.19387755102040816,0.3163265306122449,0.16326530612244897,0.0,0.0,0.40816326530612246,0.23469387755102042,0.0,0.0,0.9285714285714286,0.29591836734693877,0.0,0.0,0.0,0.0,0.24489795918367346,0.5408163265306123,0.5204081632653061,0.030612244897959183,0.0,0.0,0.7142857142857143,0.0,0.0,0.0,0.5918367346938775,0.0,1.5918367346938775,0.7959183673469388,0.0,0.30612244897959184,0.0,0.0,0.0,0.2857142857142857,0.0,0.09183673469387756,0.24489795918367346,0.0,0.0,0.30612244897959184,0.0,0.0,0.0,0.0,0.8367346938775511,3.5714285714285716,0.0,0.0,0.3877551020408163,0.0,0.3979591836734694,0.5,0.32653061224489793,0.0,0.25510204081632654,0.3163265306122449,0.0,0.21428571428571427,0.22448979591836735,0.11224489795918367,0.25510204081632654,0.0,0.0,0.5612244897959183,0.0,0.24489795918367346,0.7346938775510204,0.0,0.45918367346938777,0.0,0.0,0.0,0.0,0.0,0.0,0.0,0.21428571428571427,0.3469387755102041,0.0,0.24489795918367346,0.0,0.0,0.0,0.0,0.3673469387755102,0.45918367346938777,0.7448979591836735,0.0,0.16326530612244897,0.0
2005,0.6060606060606061,0.0,0.0,0.4444444444444444,0.0,0.23232323232323232,0.0,0.0,0.0,0.12121212121212122,0.7070707070707071,0.25252525252525254,0.0,0.0,0.40404040404040403,0.18181818181818182,0.0,0.0,1.1515151515151516,0.1919191919191919,0.0,0.0,0.0,0.0,0.1414141414141414,0.8080808080808081,0.98989898989899,0.0,0.0,0.0,0.5858585858585859,0.0,0.0,0.0,0.6262626262626263,0.0,1.7777777777777777,0.6262626262626263,0.0,0.32323232323232326,0.0,0.0,0.0,0.29292929292929293,0.0,0.10101010101010101,0.23232323232323232,0.0,0.0,0.35353535353535354,0.0,0.0,0.0,0.0,1.0101010101010102,4.101010101010101,0.0,0.0,0.41414141414141414,0.0,0.6262626262626263,0.46464646464646464,0.40404040404040403,0.0,0.1717171717171717,0.43434343434343436,0.0,0.21212121212121213,0.1919191919191919,0.1111111111111111,0.26262626262626265,0.0,0.0,0.37373737373737376,0.0,0.26262626262626265,0.9090909090909091,0.0,0.45454545454545453,0.0,0.0,0.0,0.0,0.0,0.0,0.0,0.18181818181818182,0.3434343434343434,0.0,0.13131313131313133,0.0,0.0,0.0,0.0,0.24242424242424243,0.3838383838383838,0.6262626262626263,0.0,0.37373737373737376,0.0
2006,1.2421052631578948,0.0,0.0,0.29473684210526313,0.0,0.2631578947368421,0.0,0.0,0.0,0.08421052631578947,0.5789473684210527,0.12631578947368421,0.0,0.0,0.23157894736842105,0.30526315789473685,0.0,0.0,1.0421052631578946,0.3473684210526316,0.0,0.0,0.0,0.0,0.05263157894736842,0.49473684210526314,1.0315789473684212,0.0,0.0,0.0,0.6947368421052632,0.0,0.0,0.0,0.9157894736842105,0.0,1.5157894736842106,0.6631578947368421,0.0,0.30526315789473685,0.0,0.0,0.0,0.22105263157894736,0.0,0.25263157894736843,0.28421052631578947,0.0,0.0,0.24210526315789474,0.0,0.0,0.0,0.0,0.8526315789473684,4.936842105263158,0.0,0.0,0.3368421052631579,0.0,0.6736842105263158,0.4105263157894737,0.24210526315789474,0.0,0.15789473684210525,0.18947368421052632,0.0,0.17894736842105263,0.14736842105263157,0.18947368421052632,0.37894736842105264,0.0,0.0,0.43157894736842106,0.0,0.631578947368421,0.7368421052631579,0.0,0.4105263157894737,0.0,0.0,0.0,0.0,0.0,0.0,0.0,0.28421052631578947,0.5157894736842106,0.0,0.06315789473684211,0.0,0.0,0.0,0.0,0.23157894736842105,0.29473684210526313,0.5684210526315789,0.0,0.5473684210526316,0.0
2007,1.0210526315789474,0.0,0.0,0.4631578947368421,0.0,0.16842105263157894,0.0,0.0,0.0,0.12631578947368421,0.45263157894736844,0.4105263157894737,0.0,0.0,0.37894736842105264,0.28421052631578947,0.0,0.0,0.9052631578947369,0.22105263157894736,0.0,0.0,0.0,0.0,0.25263157894736843,0.7263157894736842,1.231578947368421,0.09473684210526316,0.0,0.0,0.6842105263157895,0.0,0.0,0.0,0.5789473684210527,0.0,2.0526315789473686,0.6421052631578947,0.0,0.29473684210526313,0.0,0.0,0.0,0.3157894736842105,0.0,0.16842105263157894,0.3368421052631579,0.0,0.0,0.45263157894736844,0.0,0.0,0.0,0.0,1.6105263157894736,4.905263157894737,0.0,0.0,0.3473684210526316,0.0,0.5368421052631579,0.45263157894736844,0.29473684210526313,0.0,0.15789473684210525,0.3684210526315789,0.0,0.17894736842105263,0.08421052631578947,0.22105263157894736,0.22105263157894736,0.0,0.0,0.6210526315789474,0.0,0.3894736842105263,0.631578947368421,0.0,0.30526315789473685,0.0,0.0,0.0,0.0,0.0,0.0,0.0,0.14736842105263157,0.29473684210526313,0.0,0.14736842105263157,0.0,0.0,0.0,0.0,0.3368421052631579,0.5789473684210527,0.7157894736842105,0.0,0.16842105263157894,0.0
2008,0.8144329896907216,0.0,0.0,0.38144329896907214,0.0,0.18556701030927836,0.0,0.0,0.17525773195876287,0.09278350515463918,0.41237113402061853,0.18556701030927836,0.0,0.0,0.21649484536082475,0.35051546391752575,0.0,0.0,0.9175257731958762,0.31958762886597936,0.0,0.0,0.0,0.0,0.27835051546391754,0.8556701030927835,0.8762886597938144,0.010309278350515464,0.0,0.0,1.0309278350515463,0.0,0.0,0.0,0.8144329896907216,0.0,1.7731958762886597,1.1134020618556701,0.0,0.23711340206185566,0.0,0.0,0.0,0.3711340206185567,0.0,0.21649484536082475,0.5360824742268041,0.0,0.0,0.36082474226804123,0.0,0.0,0.0,0.0,1.0,5.43298969072165,0.0,0.0,0.5051546391752577,0.0,0.6804123711340206,0.8865979381443299,0.32989690721649484,0.0,0.31958762886597936,0.35051546391752575,0.0,0.23711340206185566,0.061855670103092786,0.21649484536082475,0.31958762886597936,0.0,0.0,0.4742268041237113,0.0,0.35051546391752575,0.979381443298969,0.0,0.25773195876288657,0.0,0.0,0.0,0.0,0.0,0.0,0.0,0.24742268041237114,0.4639175257731959,0.0,0.17525773195876287,0.0,0.0,0.0,0.0,0.2268041237113402,0.4639175257731959,0.6082474226804123,0.0,0.17525773195876287,0.0
2009,0.9081632653061225,0.0,0.0,0.17346938775510204,0.0,0.1326530612244898,0.0,0.0,0.0,0.07142857142857142,0.3979591836734694,0.24489795918367346,0.0,0.0,0.45918367346938777,0.20408163265306123,0.0,0.0,0.9183673469387755,0.3673469387755102,0.0,0.0,0.3673469387755102,0.0,0.21428571428571427,0.7755102040816326,0.5918367346938775,0.01020408163265306,0.0,0.0,0.5204081632653061,0.0,0.0,0.0,0.3673469387755102,0.0,2.13265306122449,0.9387755102040817,0.0,0.21428571428571427,0.0,0.0,0.0,0.1326530612244898,0.0,0.030612244897959183,0.45918367346938777,0.0,0.0,0.5714285714285714,0.0,0.0,0.0,0.0,0.8877551020408163,4.714285714285714,0.0,0.0,0.6224489795918368,0.0,0.35714285714285715,0.5102040816326531,0.2653061224489796,0.0,0.2857142857142857,0.40816326530612246,0.0,0.21428571428571427,0.1326530612244898,0.14285714285714285,0.4387755102040816,0.0,0.0,0.5816326530612245,0.0,0.3673469387755102,0.7244897959183674,0.0,0.1836734693877551,0.0,0.0,0.0,0.0,0.0,0.0,0.0,0.20408163265306123,0.2653061224489796,0.0,0.1836734693877551,0.0,0.0,0.0,0.0,0.20408163265306123,0.336734693877551,0.37755102040816324,0.0,0.3469387755102041,0.0
2010,0.7755102040816326,0.0,0.0,0.3673469387755102,0.0,0.1836734693877551,0.0,0.0,0.0,0.40816326530612246,0.22448979591836735,0.14285714285714285,0.0,0.0,0.25510204081632654,0.22448979591836735,0.0,0.0,0.9795918367346939,0.30612244897959184,0.0,0.0,0.0,0.0,0.17346938775510204,0.3979591836734694,0.8673469387755102,0.0,0.0,0.0,0.7551020408163265,0.0,0.0,0.0,0.37755102040816324,0.0,2.857142857142857,1.5,0.0,0.30612244897959184,0.0,0.0,0.0,0.30612244897959184,0.0,0.05102040816326531,0.1836734693877551,0.0,0.0,0.30612244897959184,0.0,0.0,0.0,0.0,0.9591836734693877,4.081632653061225,0.0,0.0,0.7959183673469388,0.0,0.6326530612244898,0.2857142857142857,0.32653061224489793,0.0,0.35714285714285715,0.4897959183673469,0.0,0.2755102040816326,0.23469387755102042,0.15306122448979592,0.37755102040816324,0.0,0.0,0.3163265306122449,0.0,0.1836734693877551,0.6836734693877551,0.0,0.30612244897959184,0.0,0.0,0.0,0.0,0.0,0.0,0.0,0.40816326530612246,0.21428571428571427,0.0,0.04081632653061224,0.0,0.0,0.0,0.0,0.3469387755102041,0.25510204081632654,0.30612244897959184,0.0,0.25510204081632654,0.0
2011,0.4897959183673469,0.0,0.0,0.20408163265306123,0.0,0.22448979591836735,0.0,0.0,0.0,0.22448979591836735,0.29591836734693877,0.12244897959183673,0.0,0.0,0.17346938775510204,0.46938775510204084,0.0,0.0,1.0,0.5306122448979592,0.0,0.0,0.0,0.0,0.4489795918367347,0.6122448979591837,0.47959183673469385,0.24489795918367346,0.23469387755102042,0.0,0.8163265306122449,0.0,0.0,0.0,0.29591836734693877,0.22448979591836735,2.489795918367347,1.030612244897959,0.0,0.1836734693877551,0.0,0.0,0.0,0.11224489795918367,0.0,0.1836734693877551,0.10204081632653061,0.0,0.0,0.5204081632653061,0.0,0.0,0.0,0.0,0.6938775510204082,2.9183673469387754,0.0,0.0,0.47959183673469385,0.0,0.46938775510204084,0.3673469387755102,0.17346938775510204,0.0,0.20408163265306123,0.336734693877551,0.0,0.29591836734693877,0.25510204081632654,0.12244897959183673,0.25510204081632654,0.0,0.0,0.6326530612244898,0.0,0.30612244897959184,0.46938775510204084,0.0,0.336734693877551,0.0,0.0,0.0,0.0,0.0,0.0,0.0,0.16326530612244897,0.09183673469387756,0.0,0.17346938775510204,0.0,0.0,0.0,0.0,0.23469387755102042,0.1836734693877551,0.29591836734693877,0.0,0.23469387755102042,0.0
2012,0.3645833333333333,0.0,0.0,0.34375,0.0,0.2708333333333333,0.0,0.0,0.0,0.3958333333333333,0.34375,0.14583333333333334,0.0,0.0,0.14583333333333334,0.4270833333333333,0.0,0.0,1.0104166666666667,0.375,0.0,0.0,0.0,0.0,0.4583333333333333,0.65625,0.4583333333333333,0.052083333333333336,0.0,0.0,0.6145833333333334,0.0,0.0,0.0,0.6145833333333334,0.0,1.3020833333333333,1.15625,0.0,0.3958333333333333,0.0,0.0,0.0,0.09375,0.0,0.20833333333333334,0.2604166666666667,0.0,0.0,0.9895833333333334,0.0,0.0,0.0,0.0,0.75,2.7604166666666665,0.0,0.0,0.3958333333333333,0.0,0.40625,0.5416666666666666,0.3541666666666667,0.0,0.2604166666666667,0.3645833333333333,0.0,0.14583333333333334,0.14583333333333334,0.13541666666666666,0.3229166666666667,0.0,0.0,0.4583333333333333,0.0,0.21875,0.5208333333333334,0.0,0.28125,0.0,0.0,0.0,0.0,0.0,0.0,0.0,0.07291666666666667,0.3229166666666667,0.0,0.19791666666666666,0.0,0.0,0.0,0.0,0.19791666666666666,0.3854166666666667,0.3541666666666667,0.0,0.3125,0.0
2013,0.40425531914893614,0.0,0.0,0.24468085106382978,0.0,0.35106382978723405,0.0,0.0,0.0,0.35106382978723405,0.3404255319148936,0.14893617021276595,0.0,0.0,0.26595744680851063,0.24468085106382978,0.0,0.0,0.9574468085106383,0.32978723404255317,0.0,0.0,0.0,0.0,0.24468085106382978,0.7446808510638298,0.7872340425531915,0.0,0.0,0.0,0.6170212765957447,0.0,0.0,0.0,0.5531914893617021,0.0,2.2872340425531914,0.8085106382978723,0.0,0.3404255319148936,0.0,0.0,0.0,0.07446808510638298,0.0,0.20212765957446807,0.14893617021276595,0.0,0.0,0.776595744680851,0.0,0.0,0.0,0.0,0.7021276595744681,2.3404255319148937,0.0,0.0,0.7659574468085106,0.0,0.30851063829787234,0.44680851063829785,0.2978723404255319,0.0,0.18085106382978725,0.5638297872340425,0.0,0.2872340425531915,0.2978723404255319,0.26595744680851063,0.3829787234042553,0.0,0.0,0.9574468085106383,0.0,0.2872340425531915,0.5212765957446809,0.0,0.4148936170212766,0.0,0.0,0.2127659574468085,0.0,0.0,0.0,0.0,0.2872340425531915,0.18085106382978725,0.0,0.1595744680851064,0.0,0.0,0.0,0.0,0.24468085106382978,0.3723404255319149,0.18085106382978725,0.0,0.43617021276595747,0.0
2014,0.37362637362637363,0.0,0.0,0.23076923076923078,0.0,0.13186813186813187,0.0,0.0,0.0,0.21978021978021978,0.4065934065934066,0.34065934065934067,0.0,0.0,0.3076923076923077,0.37362637362637363,0.0,0.0,1.010989010989011,0.38461538461538464,0.0,0.0,0.0,0.0,0.46153846153846156,0.6483516483516484,0.5164835164835165,0.01098901098901099,0.0,0.0,0.8571428571428571,0.2857142857142857,0.0,0.0,0.26373626373626374,0.0,1.7032967032967032,0.8131868131868132,0.0,0.37362637362637363,0.0,0.0,0.0,0.12087912087912088,0.0,0.26373626373626374,0.16483516483516483,0.0,0.0,0.7912087912087912,0.0,0.0,0.0,0.0,0.7582417582417582,2.879120879120879,0.0,0.0,0.4725274725274725,0.0,0.3516483516483517,0.45054945054945056,0.37362637362637363,0.0,0.14285714285714285,0.5714285714285714,0.0,0.3516483516483517,0.2857142857142857,0.24175824175824176,0.31868131868131866,0.0,0.0,0.8131868131868132,0.0,0.27472527472527475,0.45054945054945056,0.0,0.27472527472527475,0.0,0.0,0.0,0.0,0.0,0.0,0.0,0.15384615384615385,0.2087912087912088,0.0,0.17582417582417584,0.0,0.0,0.0,0.0,0.21978021978021978,0.42857142857142855,0.38461538461538464,0.0,0.2857142857142857,0.0
2015,0.42857142857142855,0.0,0.0,0.27380952380952384,0.0,0.14285714285714285,0.0,0.0,0.0,0.16666666666666666,0.23809523809523808,0.09523809523809523,0.0,0.0,0.15476190476190477,0.16666666666666666,0.0,0.0,0.9047619047619048,0.35714285714285715,0.0,0.0,0.0,0.0,0.16666666666666666,0.7738095238095238,0.42857142857142855,0.0,0.0,0.0,0.8095238095238095,0.0,0.0,0.0,0.47619047619047616,0.0,2.0476190476190474,0.7023809523809523,0.0,0.2857142857142857,0.0,0.0,0.0,0.08333333333333333,0.0,0.2261904761904762,0.10714285714285714,0.0,0.0,0.6071428571428571,0.0,0.0,0.0,0.0,0.75,1.9880952380952381,0.0,0.0,0.36904761904761907,0.0,0.21428571428571427,0.5952380952380952,0.2261904761904762,0.0,0.36904761904761907,0.44047619047619047,0.0,0.23809523809523808,0.10714285714285714,0.09523809523809523,0.30952380952380953,0.0,0.0,0.8571428571428571,0.0,0.16666666666666666,0.35714285714285715,0.0,0.2619047619047619,0.0,0.20238095238095238,0.0,0.0,0.0,0.0,0.0,0.14285714285714285,0.11904761904761904,0.0,0.09523809523809523,0.0,0.0,0.0,0.0,0.27380952380952384,0.2857142857142857,0.32142857142857145,0.0,0.21428571428571427,0.0
2016,0.28735632183908044,0.0,0.0,0.41379310344827586,0.0,0.28735632183908044,0.0,0.0,0.0,0.39080459770114945,0.3218390804597701,0.22988505747126436,0.0,0.0,0.5517241379310345,0.19540229885057472,0.0,0.0,0.8850574712643678,0.26436781609195403,0.0,0.0,0.0,0.1839080459770115,0.28735632183908044,0.7011494252873564,0.2988505747126437,0.011494252873563218,0.0,0.0,0.8045977011494253,0.0,0.0,0.0,0.8620689655172413,0.0,2.0804597701149423,1.0919540229885059,0.0,0.25287356321839083,0.0,0.0,0.0,0.13793103448275862,0.0,0.1724137931034483,0.2988505747126437,0.0,0.0,0.9425287356321839,0.0,0.0,0.0,0.0,0.7126436781609196,2.6206896551724137,0.0,0.0,0.8160919540229885,0.0,0.3448275862068966,0.47126436781609193,0.367816091954023,0.0,0.16091954022988506,0.8045977011494253,0.0,0.3103448275862069,0.16091954022988506,0.12643678160919541,0.19540229885057472,0.0,0.0,0.7241379310344828,0.0,0.11494252873563218,0.5402298850574713,0.0,0.367816091954023,0.0,0.0,0.0,0.0,0.0,0.0,0.0,0.14942528735632185,0.11494252873563218,0.0,0.19540229885057472,0.0,0.0,0.0,0.0,0.19540229885057472,0.3333333333333333,0.3793103448275862,0.0,0.3563218390804598,0.0
2017,0.1686746987951807,0.0,0.0,0.18072289156626506,0.0,0.27710843373493976,0.0,0.0,0.0,0.08433734939759036,0.5060240963855421,0.1566265060240964,0.0,0.0,0.3132530120481928,0.3132530120481928,0.0,0.0,1.0120481927710843,0.18072289156626506,0.0,0.0,0.0,0.0,0.4819277108433735,0.6144578313253012,0.4578313253012048,0.012048192771084338,0.0,0.0,0.9036144578313253,0.0,0.0,0.0,0.5542168674698795,0.0,2.0240963855421685,0.9759036144578314,0.0,0.1686746987951807,0.0,0.0,0.0,0.18072289156626506,0.0,0.1566265060240964,0.1686746987951807,0.0,0.0,0.7108433734939759,0.0,0.0,0.0,0.0,0.5783132530120482,1.4939759036144578,0.0,0.0,0.40963855421686746,0.0,0.3253012048192771,0.3373493975903614,0.2891566265060241,0.0,0.3855421686746988,0.6626506024096386,0.0,0.1686746987951807,0.1927710843373494,0.20481927710843373,0.24096385542168675,0.0,0.0,0.6506024096385542,0.0,0.13253012048192772,0.39759036144578314,0.0,0.27710843373493976,0.0,0.0,0.0,0.0,0.0,0.0,0.0,0.24096385542168675,0.25301204819277107,0.0,0.14457831325301204,0.0,0.0,0.0,0.0,0.24096385542168675,0.3855421686746988,0.5783132530120482,0.0,0.26506024096385544,0.0
2018,0.2804878048780488,0.0,0.0,0.14634146341463414,0.0,0.23170731707317074,0.0,0.0,0.0,0.7073170731707317,0.2926829268292683,0.2073170731707317,0.0,0.0,0.24390243902439024,0.3170731707317073,0.0,0.0,1.0365853658536586,0.024390243902439025,0.0,0.0,0.0,0.0,0.23170731707317074,0.6097560975609756,0.2073170731707317,0.024390243902439025,0.0,0.0,0.8048780487804879,0.0,0.0,0.0,0.4878048780487805,0.0,1.451219512195122,0.6707317073170732,0.0,0.25609756097560976,0.0,0.0,0.0,0.2073170731707317,0.0,0.21951219512195122,0.32926829268292684,0.0,0.0,0.9024390243902439,0.0,0.0,0.0,0.0,0.2926829268292683,1.7073170731707317,0.0,0.0,0.573170731707317,0.0,0.2926829268292683,0.5487804878048781,0.25609756097560976,0.0,0.3170731707317073,0.8536585365853658,0.0,0.21951219512195122,0.036585365853658534,0.13414634146341464,0.012195121951219513,0.0,0.0,0.573170731707317,0.0,0.4024390243902439,0.5121951219512195,0.0,0.32926829268292684,0.0,0.0,0.0,0.0,0.0,0.0,0.0,0.15853658536585366,0.2926829268292683,0.0,0.0975609756097561,0.0,0.0,0.0,0.0,0.25609756097560976,0.3780487804878049,0.1951219512195122,0.0,0.3902439024390244,0.0
2019,0.2073170731707317,0.0,0.0,0.3170731707317073,0.0,0.0975609756097561,0.0,0.0,0.0,0.7926829268292683,0.5121951219512195,0.2926829268292683,0.0,0.07317073170731707,0.2926829268292683,0.17073170731707318,0.0,0.0,0.6585365853658537,0.07317073170731707,0.0,0.0,0.0,0.0,0.5853658536585366,0.9512195121951219,0.32926829268292684,0.12195121951219512,0.0,0.0,0.4634146341463415,0.0,0.0,0.0,0.9024390243902439,0.0,1.8902439024390243,0.6219512195121951,0.0,0.13414634146341464,0.0,0.0,0.0,0.2804878048780488,0.0,0.1951219512195122,0.2073170731707317,0.0,0.0,0.926829268292683,0.0,0.0,0.0,0.0,0.5487804878048781,1.8780487804878048,0.0,0.0,0.4268292682926829,0.0,0.17073170731707318,0.5365853658536586,0.2926829268292683,0.0,0.25609756097560976,0.5121951219512195,0.0,0.14634146341463414,0.24390243902439024,0.07317073170731707,0.07317073170731707,0.0,0.0,0.4268292682926829,0.0,0.2926829268292683,0.6341463414634146,0.0,0.3170731707317073,0.5853658536585366,0.0,0.0,0.0,0.0,0.0,0.0,0.12195121951219512,0.18292682926829268,0.0,0.2804878048780488,0.0,0.0,0.0,0.0,0.0975609756097561,0.3902439024390244,0.3048780487804878,0.0,0.21951219512195122,0.0
2020,0.0684931506849315,0.0,0.0,0.3150684931506849,0.0,0.1917808219178082,0.0,0.0,0.0,0.3972602739726027,0.5068493150684932,0.1917808219178082,0.0,0.0,0.589041095890411,0.0821917808219178,0.0,0.0,1.0410958904109588,0.0410958904109589,0.0,0.0,0.0,0.0,0.6027397260273972,0.6986301369863014,0.3424657534246575,0.0,0.0,0.0,0.684931506849315,0.0,0.0,0.0,0.3424657534246575,0.0,1.3424657534246576,0.7534246575342466,0.0,0.1506849315068493,0.0,0.0,0.1643835616438356,0.1780821917808219,0.0,0.1095890410958904,0.0821917808219178,0.0,0.0,0.821917808219178,0.0,0.0,0.0,0.0,0.8082191780821918,1.4246575342465753,0.0,0.0,0.3150684931506849,0.0,0.589041095890411,0.4520547945205479,0.4246575342465753,0.0,0.2602739726027397,0.5342465753424658,0.0,0.1917808219178082,0.0547945205479452,0.1232876712328767,0.0,0.0,0.0,0.3835616438356164,0.0,0.0958904109589041,0.3972602739726027,0.0,0.4657534246575342,0.0,0.0,0.0,0.0,0.0,0.0,0.0,0.2328767123287671,0.2465753424657534,0.0,0.1095890410958904,0.0,0.0,0.0,0.0,0.2602739726027397,0.2602739726027397,0.3150684931506849,0.0,0.2054794520547945,0.0
